iteration,continuity,u_momentum,v_momentum,pressure_correction,max_velocity_correction
1,0.0002353578356,7.658958582e-09,1e-08,9.016904156e-11,0.4841488037
2,0.0001610516886,2.17742965e-09,2.852928552e-09,7.344439762e-11,0.1486341886
3,3.802070065e-05,2.017730442e-09,3.183222232e-09,8.169822138e-11,0.1676744353
4,5.469793076e-05,2.077843075e-09,3.710557788e-09,7.539195993e-11,0.1328884544
5,6.699841838e-05,2.036415511e-09,3.229188796e-09,9.368950734e-11,0.06733084991
6,5.723569231e-05,1.912297936e-09,2.813787309e-09,9.636344621e-11,0.039931714
7,3.94188919e-05,1.874633955e-09,2.486721606e-09,8.47638778e-11,0.03441976608
8,2.413073957e-05,1.901467376e-09,2.466017647e-09,9.226827074e-11,0.02966095065
9,1.362261118e-05,1.953598977e-09,2.561432331e-09,8.467381995e-11,0.02588428622
10,7.631956522e-06,2.008889328e-09,2.70033792e-09,8.70817624e-11,0.02288966731
11,4.429647461e-06,2.060654445e-09,2.812657895e-09,8.11584886e-11,0.02047180782
12,3.041255396e-06,2.10412226e-09,2.89231981e-09,9.36669645e-11,0.0184668916
13,2.502487212e-06,2.143149792e-09,2.944139097e-09,8.492446016e-11,0.01677718692
14,2.273841026e-06,2.180183179e-09,2.970164397e-09,9.580781809e-11,0.01531566522
15,2.140259041e-06,2.214539888e-09,3.006981456e-09,8.982171856e-11,0.01418913907
16,2.022955781e-06,2.252315003e-09,3.046589015e-09,8.577106854e-11,0.01340077033
17,1.908458483e-06,2.293454336e-09,3.086303952e-09,8.133490887e-11,0.01265911918
18,1.792027115e-06,2.335388131e-09,3.119602211e-09,7.864752929e-11,0.01196211212
19,1.678743925e-06,2.377700692e-09,3.162714825e-09,7.666427807e-11,0.01130831522
20,1.570355153e-06,2.421903831e-09,3.208250983e-09,7.723639755e-11,0.01069665096
21,1.468767231e-06,2.467693949e-09,3.257834221e-09,7.531231926e-11,0.01012552351
22,1.376243163e-06,2.515127064e-09,3.309902341e-09,9.844115529e-11,0.009592492152
23,1.292041531e-06,2.564785734e-09,3.353475765e-09,7.783877161e-11,0.00909433482
24,1.217287314e-06,2.613959285e-09,3.394115659e-09,8.25483719e-11,0.008628212773
25,1.150522467e-06,2.663702428e-09,3.436005508e-09,8.424159155e-11,0.008191389548
26,1.089685121e-06,2.713927263e-09,3.478880781e-09,8.58558619e-11,0.007782011667
27,1.032032115e-06,2.764798328e-09,3.523982848e-09,8.768333615e-11,0.007401288897
28,9.78487729e-07,2.816754893e-09,3.574054876e-09,8.898809971e-11,0.007046932583
29,9.258185465e-07,2.871188042e-09,3.609362712e-09,8.869330158e-11,0.006714370328
30,8.759828734e-07,2.924464434e-09,3.652310759e-09,8.763403095e-11,0.006470470341
31,8.318588305e-07,2.979120377e-09,3.697128594e-09,8.62554127e-11,0.006237841698
32,7.91489039e-07,3.034574292e-09,3.742800492e-09,8.469276951e-11,0.006012646351
33,7.543391422e-07,3.090394315e-09,3.791284092e-09,8.217604351e-11,0.005796239099
34,7.207300038e-07,3.146305169e-09,3.842819857e-09,8.041191157e-11,0.005587355311
35,6.890766923e-07,3.203342647e-09,3.89555023e-09,7.876388962e-11,0.005388421088
36,6.592891463e-07,3.26095272e-09,3.948510869e-09,7.678093821e-11,0.005197411142
37,6.312549965e-07,3.318933095e-09,4.001172808e-09,7.490898552e-11,0.005013939087
38,6.041170356e-07,3.377258139e-09,4.053927497e-09,7.380231259e-11,0.004837762316
39,5.783867769e-07,3.436032032e-09,4.105760275e-09,7.24632754e-11,0.004668822246
40,5.548360083e-07,3.495835355e-09,4.150879395e-09,7.147852729e-11,0.004506401963
41,5.330154655e-07,3.554779048e-09,4.192371657e-09,9.895804293e-11,0.004350443407
42,5.12378872e-07,3.613489459e-09,4.231297381e-09,9.614763218e-11,0.004200698261
43,4.928754127e-07,3.6721512e-09,4.268056881e-09,9.366396031e-11,0.004056938013
44,4.743317258e-07,3.730645653e-09,4.30175062e-09,9.02496623e-11,0.003919122487
45,4.570472348e-07,3.788264222e-09,4.334400772e-09,8.558541029e-11,0.003785891689
46,4.410991009e-07,3.845237924e-09,4.363045723e-09,9.624890133e-11,0.003657818326
47,4.255590218e-07,3.901825921e-09,4.385152248e-09,8.628498035e-11,0.003550596609
48,4.109329813e-07,3.957580264e-09,4.402894373e-09,7.540905114e-11,0.003450293929
49,3.964539662e-07,4.013012417e-09,4.41573e-09,9.031304201e-11,0.003353207861
50,3.821950971e-07,4.067854152e-09,4.419892544e-09,8.507685669e-11,0.003260076604
51,3.679476256e-07,4.122196194e-09,4.408210938e-09,8.59025562e-11,0.003170927199
52,3.542990644e-07,4.175419209e-09,4.385031256e-09,9.064570523e-11,0.003084268447
53,3.406549185e-07,4.228224363e-09,4.348619139e-09,9.448091451e-11,0.002999443582
54,3.279984837e-07,4.280815768e-09,4.296181222e-09,9.35713062e-11,0.00291668752
55,3.165721505e-07,4.333721746e-09,4.213061345e-09,8.987357087e-11,0.002836174052
56,3.056669121e-07,4.385055942e-09,4.100548089e-09,8.426640946e-11,0.002758688369
57,2.959407622e-07,4.434926709e-09,3.946156315e-09,9.346187568e-11,0.002683635446
58,2.872449242e-07,4.483864551e-09,3.736978543e-09,9.141307054e-11,0.002610511337
59,2.789487197e-07,4.531951002e-09,3.460603264e-09,9.058218564e-11,0.002539352483
60,2.710147852e-07,4.578955415e-09,3.107951965e-09,9.416432762e-11,0.002470251163
61,2.634741912e-07,4.624790092e-09,2.685295172e-09,9.987817158e-11,0.00240322778
62,2.564559797e-07,4.669417899e-09,2.251679719e-09,9.253187767e-11,0.002338250774
63,2.497620346e-07,4.712790863e-09,2.008491841e-09,9.898689384e-11,0.002275269928
64,2.433531201e-07,4.754854648e-09,2.298146169e-09,8.033191654e-11,0.002214229376
65,2.371580227e-07,4.795531662e-09,3.186276831e-09,8.189068002e-11,0.002160054971
66,2.309779945e-07,4.834786662e-09,4.423815597e-09,8.231356975e-11,0.002111825986
67,2.250369517e-07,4.872573564e-09,5.77936204e-09,8.15936947e-11,0.002066175879
68,2.194334154e-07,4.908749726e-09,7.127055804e-09,8.04062778e-11,0.002021375101
69,2.139953007e-07,4.942833473e-09,8.39350596e-09,7.983846458e-11,0.001977536957
70,2.088770802e-07,4.975209316e-09,9.561444346e-09,8.028803586e-11,0.001934673327
71,2.038999358e-07,5.005931083e-09,1.494326645e-09,8.073076196e-11,0.001892768844
72,1.991050008e-07,5.034962986e-09,1.413104255e-09,8.16381534e-11,0.001851808106
73,1.945957568e-07,5.062271922e-09,1.296014897e-09,8.297078248e-11,0.001811775794
74,1.902960048e-07,5.087829847e-09,1.155499467e-09,8.486332767e-11,0.001772659548
75,1.861154071e-07,5.111610824e-09,1.002121097e-09,8.739203076e-11,0.001734445527
76,1.820494133e-07,5.133589213e-09,8.4858379e-10,9.045311375e-11,0.001697114346
77,1.781279217e-07,5.153745116e-09,7.116316713e-10,9.354968646e-11,0.001660650145
78,1.743149779e-07,5.172062952e-09,6.028222613e-10,9.576398985e-11,0.001625426115
79,1.70599966e-07,5.188543382e-09,5.164737214e-10,9.553801954e-11,0.00159010931
80,1.672659143e-07,5.203186514e-09,4.359555408e-10,9.565578277e-11,0.001555526984
81,1.641344212e-07,5.216005664e-09,3.53681506e-10,9.438091633e-11,0.001521810256
82,1.609330457e-07,5.227017638e-09,2.74473528e-10,7.911411401e-11,0.001487699726
83,1.578890986e-07,5.236191639e-09,2.097534231e-10,8.323593475e-11,0.001454217594
84,1.548861376e-07,5.243660456e-09,1.69066064e-10,8.744695162e-11,0.001421945124
85,1.519927726e-07,5.249380728e-09,9.439770784e-09,9.115893858e-11,0.00139170074
86,1.490958705e-07,5.253355971e-09,7.993479494e-09,9.490331957e-11,0.001365648065
87,1.463377367e-07,5.255688561e-09,7.433013366e-09,9.895522619e-11,0.00134021572
88,1.435214834e-07,5.256380763e-09,7.795415035e-09,7.448632872e-11,0.001315325528
89,1.409485379e-07,5.255572371e-09,8.878037535e-09,7.612370101e-11,0.001291261854
90,1.381408493e-07,5.253220489e-09,4.629984585e-10,7.751625478e-11,0.001267920171
91,1.351716924e-07,5.249235898e-09,5.118602946e-10,7.812424082e-11,0.001245031002
92,1.322225726e-07,5.243819627e-09,5.256659264e-10,7.988281622e-11,0.001222621095
93,1.295407801e-07,5.237200964e-09,5.443367328e-10,8.174362934e-11,0.001200684236
94,1.271506533e-07,5.229327878e-09,5.807005933e-10,8.321492968e-11,0.001179162171
95,1.247226809e-07,5.220267736e-09,6.12229347e-10,8.371852781e-11,0.001158067734
96,1.224608815e-07,5.210374218e-09,9.67354222e-09,8.444010927e-11,0.001137394639
97,1.206172671e-07,5.198884803e-09,8.681872331e-09,8.533850681e-11,0.0011171359
98,1.18951412e-07,5.186117637e-09,7.641206282e-09,8.635839295e-11,0.001097279902
99,1.172573641e-07,5.172217336e-09,6.627579873e-09,8.730211102e-11,0.001077816299
100,1.152665332e-07,5.157269678e-09,5.722569244e-09,8.723219843e-11,0.001058740398
101,1.134290097e-07,5.141424659e-09,4.982889131e-09,8.869510589e-11,0.001039934068
102,1.11658473e-07,5.124779345e-09,4.390908107e-09,8.921684026e-11,0.001021463124
103,1.098384973e-07,5.10733707e-09,3.877074726e-09,8.925468617e-11,0.001003367145
104,1.080696935e-07,5.089298465e-09,3.381433953e-09,9.00424426e-11,0.0009856264494
105,1.064079286e-07,5.070522941e-09,2.885013407e-09,9.082704399e-11,0.0009682450117
106,1.048607307e-07,5.051069057e-09,2.402380574e-09,9.14609616e-11,0.0009512151212
107,1.033625442e-07,5.030997124e-09,1.963939725e-09,9.175991028e-11,0.0009345274804
108,1.019099492e-07,5.010362015e-09,1.602404813e-09,9.160733552e-11,0.0009181737676
109,1.005033417e-07,4.989215959e-09,1.341281492e-09,9.071991184e-11,0.0009021464282
110,9.911011817e-08,4.967609429e-09,1.182904675e-09,8.9015342e-11,0.0008866609774
111,9.771123653e-08,4.94559137e-09,1.108016309e-09,8.872036628e-11,0.0008718715259
112,9.627899148e-08,4.923223251e-09,1.099866358e-09,8.899440481e-11,0.0008573580874
113,9.494808312e-08,4.900577838e-09,1.170173951e-09,8.887561004e-11,0.0008431166989
114,9.365070893e-08,4.87768592e-09,1.348944235e-09,8.838177638e-11,0.0008291429048
115,9.239470323e-08,4.854575963e-09,1.643725825e-09,8.764544317e-11,0.0008154314406
116,9.119086171e-08,4.831284252e-09,2.022194082e-09,8.673860995e-11,0.0008019771001
117,9.001125945e-08,4.807848378e-09,2.429716783e-09,8.569163371e-11,0.0007887747703
118,8.879631113e-08,4.784302815e-09,2.809901104e-09,8.449779424e-11,0.0007758181131
119,8.75778298e-08,4.760777073e-09,3.117622121e-09,8.32794182e-11,0.0007632300139
120,8.643236732e-08,4.73728301e-09,3.327963599e-09,8.189834297e-11,0.00075164486
121,8.530752319e-08,4.71379174e-09,3.44109189e-09,8.008571002e-11,0.0007402470645
122,8.419813862e-08,4.690314823e-09,3.480553218e-09,7.765507724e-11,0.0007290302392
123,8.312643924e-08,4.666901404e-09,3.483623462e-09,9.8034433e-11,0.000717975021
124,8.209252747e-08,4.643574675e-09,3.486714975e-09,9.451876528e-11,0.0007070820746
125,8.109075223e-08,4.620358025e-09,3.512688099e-09,9.060582338e-11,0.0006963535512
126,7.998919087e-08,4.597273847e-09,3.566402274e-09,8.674554507e-11,0.0006857745728
127,7.903506797e-08,4.57436511e-09,3.6387964e-09,8.179209322e-11,0.0006753429251
128,7.811997607e-08,4.55159555e-09,3.715368599e-09,7.750533417e-11,0.0006650726788
129,7.720733572e-08,4.528979852e-09,3.782255737e-09,9.523528553e-11,0.0006549700006
130,7.630973138e-08,4.50656151e-09,3.829273351e-09,8.646459016e-11,0.000645032816
131,7.541751364e-08,4.484366089e-09,3.850541668e-09,7.585628704e-11,0.0006352583821
132,7.456736585e-08,4.462411575e-09,3.843846791e-09,9.389830812e-11,0.0006256441431
133,7.373716674e-08,4.440712277e-09,3.809672092e-09,8.591089494e-11,0.0006161875762
134,7.29105077e-08,4.419280264e-09,3.750318671e-09,9.982005714e-11,0.0006068861298
135,7.209410346e-08,4.398125934e-09,3.669230584e-09,8.765636638e-11,0.0005977372353
136,7.128515242e-08,4.377258275e-09,3.570509606e-09,9.524642189e-11,0.0005887383333
137,7.048933877e-08,4.356685028e-09,3.458565516e-09,7.247285783e-11,0.0005798868929
138,6.970131657e-08,4.336412792e-09,3.337848957e-09,7.80954644e-11,0.0005713300528
139,6.892066646e-08,4.316447125e-09,3.212629646e-09,8.261115021e-11,0.0005630443323
140,6.814861952e-08,4.296792615e-09,3.0868016e-09,8.604035891e-11,0.0005548866796
141,6.738518217e-08,4.277452961e-09,2.963714006e-09,8.857095394e-11,0.0005468551448
142,6.659447455e-08,4.25843103e-09,2.846069624e-09,9.044328664e-11,0.0005389442943
143,6.582544199e-08,4.239955625e-09,2.73574442e-09,9.24666994e-11,0.0005311485899
144,6.507565606e-08,4.221822396e-09,2.633876506e-09,9.310761012e-11,0.000523473145
145,6.433753075e-08,4.203998544e-09,2.540840178e-09,9.335761434e-11,0.0005159171163
146,6.361447787e-08,4.186494422e-09,2.456386344e-09,9.381364381e-11,0.00050847833
147,6.290869742e-08,4.169313017e-09,2.379767204e-09,9.436252228e-11,0.0005011548517
148,6.22197338e-08,4.152454354e-09,2.309893726e-09,9.474155396e-11,0.0004939449669
149,6.154356877e-08,4.135917151e-09,2.245490426e-09,9.493807917e-11,0.0004868470294
150,6.08748098e-08,4.119699411e-09,2.185184181e-09,9.493887238e-11,0.0004798605617
151,6.03131571e-08,4.103841247e-09,2.127697219e-09,9.450872601e-11,0.0004729820425
152,5.977950742e-08,4.088366825e-09,2.071980889e-09,9.252040332e-11,0.0004662110938
153,5.919442468e-08,4.073207464e-09,2.017050845e-09,9.370613873e-11,0.0004595477285
154,5.854969958e-08,4.058492905e-09,1.962096939e-09,9.338340124e-11,0.0004528546644
155,5.797134665e-08,4.044190792e-09,1.906620564e-09,9.286740258e-11,0.0004460215648
156,5.741070133e-08,4.030195496e-09,1.850306571e-09,9.141715736e-11,0.0004394841246
157,5.684791595e-08,4.016503898e-09,1.793009866e-09,8.91757678e-11,0.0004331301424
158,5.630466617e-08,4.003111721e-09,1.73474231e-09,8.884662754e-11,0.0004269136714
159,5.577758718e-08,3.990014184e-09,1.675651059e-09,8.756888972e-11,0.0004208138333
160,5.523805571e-08,3.977206251e-09,1.615994378e-09,8.601540429e-11,0.000414819921
161,5.468724137e-08,3.964682726e-09,1.556117315e-09,8.415435198e-11,0.0004089337315
162,5.407323575e-08,3.952438314e-09,1.496379142e-09,8.207046888e-11,0.0004032988702
163,5.345609736e-08,3.94052701e-09,1.437257309e-09,7.954587458e-11,0.0003974243777
164,5.278941294e-08,3.928913772e-09,1.379156954e-09,7.741528773e-11,0.0003918032495
165,5.221585461e-08,3.917714253e-09,1.322663893e-09,7.517296804e-11,0.000386214691
166,5.16693201e-08,3.906790325e-09,1.268193069e-09,7.215639886e-11,0.0003807060049
167,5.114590414e-08,3.896126274e-09,1.216129316e-09,6.971385766e-11,0.0003753144503
168,5.063419388e-08,3.885713585e-09,1.166799454e-09,9.815611602e-11,0.0003701380382
169,5.01217151e-08,3.875545607e-09,1.120455906e-09,9.522280715e-11,0.0003650474722
170,4.961344655e-08,3.865616312e-09,1.0772675e-09,9.207941472e-11,0.0003600370704
171,4.910323096e-08,3.855919921e-09,1.03732714e-09,8.876946081e-11,0.0003551029185
172,4.856249573e-08,3.846471375e-09,1.000630658e-09,8.438329722e-11,0.0003502421017
173,4.801895379e-08,3.837265212e-09,9.670961588e-10,9.611956594e-11,0.000345453514
174,4.748533189e-08,3.828278848e-09,9.365954341e-10,7.96510765e-11,0.0003407362304
175,4.696069335e-08,3.81950441e-09,9.089566687e-10,8.420020777e-11,0.0003360888462
176,4.644868935e-08,3.810935861e-09,8.839817505e-10,9.27644717e-11,0.0003315100868
177,4.594091183e-08,3.802567796e-09,8.614592228e-10,9.702495049e-11,0.0003269984737
178,4.53844511e-08,3.794414571e-09,9.840425042e-09,8.498542802e-11,0.0003225547984
179,4.488649308e-08,3.786529977e-09,9.549088548e-09,8.076114035e-11,0.0003181827937
180,4.440078543e-08,3.778827072e-09,9.280164527e-09,8.475058118e-11,0.0003138616863
181,4.392475403e-08,3.771304036e-09,9.032881228e-09,8.709893059e-11,0.0003095993448
182,4.346225904e-08,3.763957109e-09,8.806358748e-09,8.86403904e-11,0.0003054000419
183,4.30037266e-08,3.756781926e-09,8.599621712e-09,9.004880236e-11,0.0003012644172
184,4.253629492e-08,3.749773981e-09,8.411661343e-09,9.099132085e-11,0.0002971899522
185,4.206555797e-08,3.742994213e-09,8.241331836e-09,9.202833789e-11,0.0002931730658
186,4.161517625e-08,3.736420951e-09,8.087439426e-09,9.336087103e-11,0.0002892146314
187,4.117139518e-08,3.730012576e-09,7.948797688e-09,9.376880866e-11,0.0002853149677
188,4.073472292e-08,3.723756957e-09,7.824216229e-09,9.58133924e-11,0.0002814727433
189,4.030378343e-08,3.717647395e-09,7.712519413e-09,9.700273534e-11,0.0002776867048
190,3.98787303e-08,3.711679173e-09,7.61256687e-09,9.456959582e-11,0.000273955808
191,3.9373384e-08,3.705848393e-09,7.52334543e-09,8.156513573e-11,0.000270278874
192,3.89287368e-08,3.700316061e-09,7.443687806e-09,9.637668804e-11,0.000266645607
193,3.849066683e-08,3.69490523e-09,7.372676084e-09,7.383019429e-11,0.0002630644524
194,3.807219203e-08,3.689618869e-09,7.309448449e-09,7.620749903e-11,0.0002595360509
195,3.7671611e-08,3.684455742e-09,7.253222562e-09,7.819880831e-11,0.0002560592617
196,3.729388763e-08,3.679412814e-09,7.203305973e-09,8.007102906e-11,0.0002526329577
197,3.69139605e-08,3.674486648e-09,7.159099815e-09,8.187827528e-11,0.0002492561865
198,3.653559061e-08,3.669673787e-09,7.120098994e-09,8.362585028e-11,0.0002459280999
199,3.61324329e-08,3.66496088e-09,7.085894426e-09,8.559134511e-11,0.000242635246
200,3.572614949e-08,3.660345574e-09,7.056157494e-09,8.763563767e-11,0.0002393806989
201,3.53222588e-08,3.65585009e-09,7.030644214e-09,8.945549278e-11,0.000236174047
202,3.493350142e-08,3.651469464e-09,7.009189205e-09,9.112176315e-11,0.000233014898
203,3.456781493e-08,3.647189297e-09,6.99169724e-09,9.264388838e-11,0.0002299023577
204,3.418686578e-08,3.643006884e-09,6.978133628e-09,9.387788246e-11,0.0002268348547
205,3.379791732e-08,3.638954229e-09,6.968528886e-09,9.49314283e-11,0.0002238638691
206,3.343510643e-08,3.635024422e-09,6.962961493e-09,9.614507148e-11,0.0002209488027
207,3.307720079e-08,3.631188405e-09,6.961544777e-09,9.72910589e-11,0.0002180657613
208,3.272451885e-08,3.627440714e-09,6.964424798e-09,9.835037729e-11,0.0002152202517
209,3.237801079e-08,3.623777811e-09,6.971771929e-09,9.930156109e-11,0.0002124149148
210,3.203529717e-08,3.62019686e-09,6.983772893e-09,7.620525309e-11,0.0002096500567
211,3.169743946e-08,3.616695311e-09,7.000623132e-09,7.68265763e-11,0.0002069249834
212,3.136063269e-08,3.613270763e-09,7.022519572e-09,7.725080417e-11,0.0002042387131
213,3.102511955e-08,3.609920914e-09,7.049615701e-09,7.751711387e-11,0.000201590085
214,3.068300593e-08,3.606660981e-09,7.082108689e-09,7.770979508e-11,0.0001989781094
215,3.034265855e-08,3.603482245e-09,7.120195451e-09,9.988942599e-11,0.0001964021558
216,3.001265566e-08,3.60036639e-09,7.164001613e-09,9.7816386e-11,0.0001938615817
217,2.969253482e-08,3.597314806e-09,7.213639235e-09,9.423219252e-11,0.0001913557067
218,2.937763852e-08,3.594326691e-09,7.269194183e-09,8.838095015e-11,0.0001888839089
219,2.90653834e-08,3.591400559e-09,7.330721452e-09,7.925557667e-11,0.0001864456121
220,2.875404113e-08,3.588534739e-09,7.398243188e-09,8.700523716e-11,0.0001840402711
221,2.844439873e-08,3.585727538e-09,7.47174797e-09,9.231969598e-11,0.0001816673651
222,2.813690299e-08,3.582977293e-09,7.551190941e-09,8.6142565e-11,0.0001793263936
223,2.783160067e-08,3.580282383e-09,7.636494643e-09,9.230665084e-11,0.0001770168731
224,2.752870603e-08,3.577641235e-09,7.727550459e-09,8.602109287e-11,0.000174738335
225,2.722833056e-08,3.575052326e-09,7.824220568e-09,7.846310951e-11,0.0001724903228
226,2.693057189e-08,3.572514177e-09,7.926340304e-09,8.860590228e-11,0.0001702723915
227,2.663559843e-08,3.570025353e-09,8.033720831e-09,9.608843619e-11,0.0001680841054
228,2.634343855e-08,3.567584465e-09,8.146152021e-09,8.092615899e-11,0.0001659250378
229,2.60540492e-08,3.565190165e-09,8.263405438e-09,8.404854638e-11,0.0001637947701
230,2.576745021e-08,3.562841148e-09,8.385237362e-09,8.644692281e-11,0.0001616928909
231,2.548363479e-08,3.560536148e-09,8.511391756e-09,8.835386589e-11,0.0001596189959
232,2.52026852e-08,3.558273937e-09,8.641603135e-09,8.991706385e-11,0.0001575726874
233,2.492460897e-08,3.556053328e-09,8.775599274e-09,9.123251428e-11,0.000155553574
234,2.464928401e-08,3.55387317e-09,8.913103737e-09,9.236429881e-11,0.0001535612704
235,2.43766934e-08,3.551732346e-09,9.053838185e-09,9.33563237e-11,0.0001515953972
236,2.408233728e-08,3.549629776e-09,9.197030755e-09,9.469284711e-11,0.0001496554048
237,2.376672552e-08,3.547580839e-09,9.342333889e-09,9.627817012e-11,0.0001477406528
238,2.345051991e-08,3.545593063e-09,9.489990928e-09,9.676288185e-11,0.0001458509316
239,2.315558625e-08,3.543647388e-09,9.639732024e-09,9.718478354e-11,0.0001439862574
240,2.289135495e-08,3.541738408e-09,9.791303992e-09,9.768509843e-11,0.0001421462862
241,2.263080506e-08,3.539863556e-09,9.944459386e-09,9.817601857e-11,0.0001403306621
242,2.238077293e-08,3.538021326e-09,9.287321147e-10,9.871364238e-11,0.0001385383901
243,2.213668704e-08,3.536210462e-09,9.41571856e-10,9.913303834e-11,0.0001367703925
244,2.189287383e-08,3.534430212e-09,9.546397474e-10,9.955384925e-11,0.000135025702
245,2.165043405e-08,3.532679649e-09,9.679337345e-10,9.997902594e-11,0.0001333039865
246,2.14098388e-08,3.530957937e-09,9.814515471e-10,8.079511579e-11,0.0001316049198
247,2.117127557e-08,3.529264293e-09,9.951904508e-10,8.107963135e-11,0.0001299281809
248,2.093483156e-08,3.527597973e-09,1.00914704e-09,8.135004126e-11,0.0001282734545
249,2.069946516e-08,3.525957576e-09,1.023316521e-09,8.161431821e-11,0.0001266404819
250,2.046086173e-08,3.524337846e-09,1.037688919e-09,8.191806555e-11,0.0001250293602
251,2.022784344e-08,3.522743539e-09,1.052263033e-09,8.219425052e-11,0.0001234391977
252,1.999995082e-08,3.521173732e-09,1.067031461e-09,8.244360951e-11,0.0001218698305
253,1.977549264e-08,3.519627806e-09,1.081985705e-09,8.267178062e-11,0.0001203209825
254,1.955425464e-08,3.518105172e-09,1.097116163e-09,8.288444111e-11,0.0001187923422
255,1.933581754e-08,3.516605264e-09,1.112412161e-09,8.308577705e-11,0.0001172835994
256,1.911902393e-08,3.515127529e-09,1.127862014e-09,8.327831035e-11,0.0001157944551
257,1.889176242e-08,3.513671438e-09,1.143457369e-09,8.329398439e-11,0.0001143237788
258,1.867557972e-08,3.512285867e-09,1.159180529e-09,8.358491283e-11,0.000112858322
259,1.846343798e-08,3.510916123e-09,1.175017361e-09,8.399789696e-11,0.0001114109433
260,1.824747999e-08,3.509564446e-09,1.190956333e-09,8.431376286e-11,0.0001099852694
261,1.802560842e-08,3.508238911e-09,1.206988311e-09,8.451814099e-11,0.0001085810536
262,1.781049505e-08,3.506950948e-09,1.223089143e-09,8.463493149e-11,0.0001071973718
263,1.761534703e-08,3.505659463e-09,1.239244958e-09,8.458378943e-11,0.0001058334645
264,1.742672413e-08,3.504378425e-09,1.255438703e-09,8.43077335e-11,0.0001044885775
265,1.723763639e-08,3.503112346e-09,1.271653386e-09,8.386802625e-11,0.0001031620988
266,1.704883149e-08,3.501862521e-09,1.287872409e-09,8.393337354e-11,0.0001018535239
267,1.685951225e-08,3.500629172e-09,1.304079538e-09,8.447580948e-11,0.0001005624253
268,1.667041582e-08,3.499412166e-09,1.320258917e-09,8.49360908e-11,9.928843047e-05
269,1.648322199e-08,3.49821125e-09,1.336395124e-09,8.524037683e-11,9.803120721e-05
270,1.629689657e-08,3.497026136e-09,1.35247323e-09,8.546316898e-11,9.67904532e-05
271,1.611163316e-08,3.49585652e-09,1.368478855e-09,8.564354158e-11,9.556703959e-05
272,1.592771257e-08,3.494702096e-09,1.384398212e-09,8.579923225e-11,9.436847955e-05
273,1.574532617e-08,3.493562559e-09,1.400218146e-09,8.593904003e-11,9.318512085e-05
274,1.556460095e-08,3.492437607e-09,1.41592616e-09,8.606767854e-11,9.201675503e-05
275,1.538561404e-08,3.491326941e-09,1.431510439e-09,8.618803709e-11,9.086318028e-05
276,1.520841497e-08,3.490230271e-09,1.446959861e-09,8.630196284e-11,8.972420021e-05
277,1.503303146e-08,3.489147307e-09,1.462264006e-09,8.641064643e-11,8.859962301e-05
278,1.485949811e-08,3.48807777e-09,1.477413161e-09,8.651492942e-11,8.74892608e-05
279,1.468783975e-08,3.487021384e-09,1.492398313e-09,8.661547536e-11,8.639292919e-05
280,1.451800384e-08,3.485977882e-09,1.507211145e-09,8.671271962e-11,8.531044693e-05
281,1.435002339e-08,3.484947002e-09,1.521844024e-09,8.680702867e-11,8.424163568e-05
282,1.418398978e-08,3.48392849e-09,1.536289988e-09,8.689867705e-11,8.318631979e-05
283,1.401973532e-08,3.482922097e-09,1.550542728e-09,8.698786762e-11,8.214432617e-05
284,1.385724483e-08,3.481927581e-09,1.56459657e-09,8.707478333e-11,8.111548416e-05
285,1.369650249e-08,3.480944709e-09,1.578446453e-09,8.715958963e-11,8.009962545e-05
286,1.353749239e-08,3.479973251e-09,1.592087907e-09,8.724237933e-11,7.91327398e-05
287,1.336909436e-08,3.479012986e-09,1.605502534e-09,8.697684692e-11,7.820296843e-05
288,1.320535213e-08,3.478081384e-09,1.618698338e-09,8.642322479e-11,7.728330248e-05
289,1.304427135e-08,3.477174084e-09,1.631677391e-09,8.598809425e-11,7.637364203e-05
290,1.288900552e-08,3.476280682e-09,1.644435028e-09,8.595879408e-11,7.547391961e-05
291,1.274194907e-08,3.475398794e-09,1.656968806e-09,8.623687527e-11,7.458404391e-05
292,1.260164621e-08,3.474527485e-09,1.669277254e-09,8.482959552e-11,7.370392608e-05
293,1.246066276e-08,3.473666301e-09,1.681359472e-09,8.670167832e-11,7.283347791e-05
294,1.23193898e-08,3.472814956e-09,1.693214986e-09,8.693563816e-11,7.197261145e-05
295,1.217846001e-08,3.471973229e-09,1.704843689e-09,8.708905959e-11,7.112123897e-05
296,1.203943106e-08,3.471140923e-09,1.716245806e-09,8.720753572e-11,7.027927296e-05
297,1.190114571e-08,3.470317855e-09,1.727421871e-09,8.730526033e-11,6.944662621e-05
298,1.176358278e-08,3.469503851e-09,1.738372699e-09,8.738950294e-11,6.862321186e-05
299,1.162696374e-08,3.468698743e-09,1.749099372e-09,8.746465735e-11,6.780894341e-05
300,1.149144212e-08,3.46790237e-09,1.759603212e-09,8.753326093e-11,6.700373477e-05
301,1.135712343e-08,3.467114574e-09,1.769885767e-09,8.759707432e-11,6.620750024e-05
302,1.122187533e-08,3.466335206e-09,1.779947253e-09,8.764238661e-11,6.542011017e-05
303,1.108023873e-08,3.4655736e-09,1.789786453e-09,8.760302427e-11,6.464138865e-05
304,1.093675614e-08,3.464843782e-09,1.79940997e-09,8.751610208e-11,6.387139246e-05
305,1.079737624e-08,3.464119148e-09,1.808820333e-09,8.752709869e-11,6.311004932e-05
306,1.066329028e-08,3.46340133e-09,1.818019997e-09,8.751065277e-11,6.235725859e-05
307,1.053234468e-08,3.462690763e-09,1.827011542e-09,8.747553266e-11,6.161293455e-05
308,1.04049555e-08,3.461987502e-09,1.835797655e-09,8.744795271e-11,6.087699459e-05
309,1.028003031e-08,3.461291483e-09,1.844381116e-09,8.743384482e-11,6.014935726e-05
310,1.01577596e-08,3.460602606e-09,1.852764793e-09,8.743210888e-11,5.942994172e-05
311,1.003730193e-08,3.459920762e-09,1.860951628e-09,8.744018916e-11,5.871866759e-05
312,9.918312404e-09,3.459245845e-09,1.868944637e-09,8.745522787e-11,5.801545492e-05
313,9.800640257e-09,3.45857775e-09,1.876746893e-09,8.747585512e-11,5.732022415e-05
314,9.684316321e-09,3.457916374e-09,1.884361521e-09,8.749999856e-11,5.663289614e-05
315,9.569366763e-09,3.457261619e-09,1.891791692e-09,8.752654272e-11,5.595339224e-05
316,9.455680993e-09,3.45661339e-09,1.899040606e-09,8.755468416e-11,5.528163421e-05
317,9.343256204e-09,3.455971592e-09,1.906111496e-09,8.758374252e-11,5.461754433e-05
318,9.232085644e-09,3.455336135e-09,1.913007609e-09,8.761326534e-11,5.396104535e-05
319,9.12216134e-09,3.454706932e-09,1.91973221e-09,8.76429373e-11,5.331206049e-05
320,9.013472959e-09,3.454083895e-09,1.926288569e-09,8.767252554e-11,5.267051349e-05
321,8.906009756e-09,3.453466942e-09,1.932679955e-09,8.770187074e-11,5.203632858e-05
322,8.79976051e-09,3.452855991e-09,1.938909638e-09,8.773086746e-11,5.140943053e-05
323,8.694713649e-09,3.452250965e-09,1.944980874e-09,8.775942987e-11,5.078974458e-05
324,8.590857414e-09,3.451651785e-09,1.950896908e-09,8.778750221e-11,5.017719651e-05
325,8.488185439e-09,3.451058378e-09,1.956660968e-09,8.781506279e-11,4.957171265e-05
326,8.386706719e-09,3.450470671e-09,1.962276259e-09,8.784209179e-11,4.897321981e-05
327,8.286391716e-09,3.449888593e-09,1.967745963e-09,8.786856999e-11,4.838164537e-05
328,8.187218414e-09,3.449312076e-09,1.973073234e-09,8.789451075e-11,4.779691725e-05
329,8.089175143e-09,3.448741054e-09,1.978261194e-09,8.791987382e-11,4.721896388e-05
330,7.99225031e-09,3.44817546e-09,1.983312934e-09,8.794470055e-11,4.664771427e-05
331,7.896432408e-09,3.447615233e-09,1.98823151e-09,8.796895725e-11,4.608309795e-05
332,7.801710019e-09,3.447060309e-09,1.993019938e-09,8.799264421e-11,4.552504502e-05
333,7.708071816e-09,3.446510628e-09,1.997681199e-09,8.801578363e-11,4.497348612e-05
334,7.615506587e-09,3.445966132e-09,2.002218229e-09,8.803835559e-11,4.442835244e-05
335,7.52400317e-09,3.445426764e-09,2.006633926e-09,8.80603325e-11,4.388957574e-05
336,7.433550504e-09,3.444892467e-09,2.010931142e-09,8.808173964e-11,4.335708831e-05
337,7.344137627e-09,3.444363187e-09,2.015112687e-09,8.810254516e-11,4.283082303e-05
338,7.255753671e-09,3.44383887e-09,2.019181325e-09,8.812277389e-11,4.23107133e-05
339,7.168387858e-09,3.443319465e-09,2.023139773e-09,8.814237018e-11,4.179669311e-05
340,7.082029503e-09,3.442804919e-09,2.026990703e-09,8.816134404e-11,4.128869698e-05
341,6.996668008e-09,3.442295183e-09,2.03073674e-09,8.817967853e-11,4.078666e-05
342,6.912292869e-09,3.441790208e-09,2.03438046e-09,8.819737567e-11,4.029051782e-05
343,6.82889367e-09,3.441289947e-09,2.037924395e-09,8.821438406e-11,3.980020662e-05
344,6.746460086e-09,3.440794352e-09,2.041371025e-09,8.823071385e-11,3.931566317e-05
345,6.66498188e-09,3.440303377e-09,2.044722785e-09,8.824634107e-11,3.883682476e-05
346,6.584448906e-09,3.439816978e-09,2.04798206e-09,8.826124224e-11,3.836362926e-05
347,6.504851104e-09,3.439335109e-09,2.05115119e-09,8.827540832e-11,3.789601507e-05
348,6.426178504e-09,3.438857729e-09,2.054232466e-09,8.828879745e-11,3.743392114e-05
349,6.348421222e-09,3.438384794e-09,2.05722813e-09,8.830141454e-11,3.697728698e-05
350,6.271569466e-09,3.437916263e-09,2.060140379e-09,8.831322761e-11,3.652605263e-05
351,6.195613572e-09,3.437452095e-09,2.062971362e-09,8.832419995e-11,3.608015869e-05
352,6.120543868e-09,3.436992249e-09,2.065723184e-09,8.833431407e-11,3.563954629e-05
353,6.046350818e-09,3.436536687e-09,2.068397899e-09,8.834354532e-11,3.520415711e-05
354,5.973024971e-09,3.436085368e-09,2.070997521e-09,8.835187367e-11,3.477393334e-05
355,5.900557034e-09,3.435638256e-09,2.073524015e-09,8.835925115e-11,3.434881775e-05
356,5.828937671e-09,3.435195313e-09,2.075979304e-09,8.836565563e-11,3.392875361e-05
357,5.758157665e-09,3.434756501e-09,2.078365265e-09,8.837104837e-11,3.351368472e-05
358,5.688207903e-09,3.434321784e-09,2.080683734e-09,8.837540922e-11,3.310355542e-05
359,5.619079355e-09,3.433891127e-09,2.082936501e-09,8.837868604e-11,3.269831058e-05
360,5.550763074e-09,3.433464494e-09,2.085125316e-09,8.838083518e-11,3.229789559e-05
361,5.483250196e-09,3.433041851e-09,2.087251889e-09,8.838182012e-11,3.190225634e-05
362,5.416531938e-09,3.432623163e-09,2.089317885e-09,8.838159272e-11,3.151133927e-05
363,5.350599599e-09,3.432208396e-09,2.091324933e-09,8.838011775e-11,3.112509131e-05
364,5.285444559e-09,3.431797518e-09,2.09327462e-09,8.837732514e-11,3.074345991e-05
365,5.221058278e-09,3.431390495e-09,2.095168495e-09,8.837317114e-11,3.036639304e-05
366,5.157432295e-09,3.430987295e-09,2.097008069e-09,8.836758884e-11,2.999383916e-05
367,5.09455823e-09,3.430587886e-09,2.098794815e-09,8.836049631e-11,2.962574723e-05
368,5.032427781e-09,3.430192237e-09,2.100530171e-09,8.835187131e-11,2.926206674e-05
369,4.971034045e-09,3.429800316e-09,2.102215537e-09,8.834159659e-11,2.890274765e-05
370,4.910379934e-09,3.429412092e-09,2.103852278e-09,8.832963195e-11,2.854774043e-05
371,4.850444383e-09,3.429027536e-09,2.105441726e-09,8.831585031e-11,2.819699603e-05
372,4.79121942e-09,3.428646617e-09,2.106985179e-09,8.830019398e-11,2.785046588e-05
373,4.732697151e-09,3.428269304e-09,2.108483899e-09,8.828254587e-11,2.750810193e-05
374,4.674869759e-09,3.42789557e-09,2.109939119e-09,8.826283653e-11,2.716985659e-05
375,4.617729499e-09,3.427525384e-09,2.111352039e-09,8.824091285e-11,2.683568273e-05
376,4.561268702e-09,3.427158718e-09,2.112723827e-09,8.821667665e-11,2.650553373e-05
377,4.505479772e-09,3.426795543e-09,2.114055623e-09,8.819000078e-11,2.617936343e-05
378,4.450355186e-09,3.426435832e-09,2.115348534e-09,8.816072738e-11,2.585712614e-05
379,4.395887497e-09,3.426079555e-09,2.11660364e-09,8.812871167e-11,2.553877662e-05
380,4.34201156e-09,3.425726826e-09,2.11782199e-09,8.809541055e-11,2.522427006e-05
381,4.288772382e-09,3.425378107e-09,2.119004595e-09,8.806606658e-11,2.491356194e-05
382,4.236224208e-09,3.425032729e-09,2.120152467e-09,8.803299014e-11,2.460660867e-05
383,4.184298262e-09,3.424690665e-09,2.121266577e-09,8.799451585e-11,2.430336685e-05
384,4.132996197e-09,3.42435189e-09,2.122347868e-09,8.79507037e-11,2.400379351e-05
385,4.082329589e-09,3.424016377e-09,2.123397261e-09,8.790175291e-11,2.370784614e-05
386,4.032285637e-09,3.4236841e-09,2.124415649e-09,8.784772231e-11,2.341548266e-05
387,3.982887418e-09,3.423355032e-09,2.125403903e-09,8.77886029e-11,2.312666146e-05
388,3.934070314e-09,3.423029149e-09,2.12636287e-09,8.772425334e-11,2.284134136e-05
389,3.885825707e-09,3.422706424e-09,2.127293375e-09,8.765449236e-11,2.25594816e-05
390,3.838147287e-09,3.422386833e-09,2.128196219e-09,8.757905506e-11,2.228104186e-05
391,3.791031335e-09,3.422070349e-09,2.129072184e-09,8.749763068e-11,2.200598225e-05
392,3.744474183e-09,3.421756949e-09,2.129922027e-09,8.740988123e-11,2.17342633e-05
393,3.698471496e-09,3.421446607e-09,2.130746487e-09,8.731539767e-11,2.146584595e-05
394,3.653018359e-09,3.4211393e-09,2.131546284e-09,8.721373969e-11,2.120069156e-05
395,3.60810955e-09,3.420835002e-09,2.132322115e-09,8.710440265e-11,2.093876191e-05
396,3.563739606e-09,3.420533689e-09,2.13307466e-09,8.698682636e-11,2.06800192e-05
397,3.5199029e-09,3.420235337e-09,2.133804581e-09,8.686041462e-11,2.042442601e-05
398,3.476593708e-09,3.419939923e-09,2.134512519e-09,8.672451564e-11,2.017194534e-05
399,3.433806249e-09,3.419647423e-09,2.135199101e-09,8.657840474e-11,1.99225406e-05
400,3.391534722e-09,3.419357812e-09,2.135864935e-09,8.642129784e-11,1.967617557e-05
401,3.349773398e-09,3.419071069e-09,2.136510611e-09,8.625233574e-11,1.943281445e-05
402,3.308516512e-09,3.418787168e-09,2.137136704e-09,8.607059327e-11,1.919242182e-05
403,3.267758213e-09,3.418506089e-09,2.137743774e-09,8.58750217e-11,1.895496263e-05
404,3.227492786e-09,3.418227806e-09,2.138332364e-09,8.566452579e-11,1.872040225e-05
405,3.187714561e-09,3.417952298e-09,2.138903002e-09,8.54378576e-11,1.848870639e-05
406,3.148417916e-09,3.417679542e-09,2.139456203e-09,8.519371191e-11,1.825984117e-05
407,3.10959728e-09,3.417409515e-09,2.139992466e-09,8.493061315e-11,1.803377306e-05
408,3.071247132e-09,3.417142196e-09,2.140512276e-09,8.464698811e-11,1.78104689e-05
409,3.03336201e-09,3.41687756e-09,2.141016106e-09,8.434106809e-11,1.758989591e-05
410,2.9959365e-09,3.416615588e-09,2.141504414e-09,8.401095292e-11,1.737202167e-05
411,2.958965249e-09,3.416356255e-09,2.141977648e-09,8.365457406e-11,1.715681411e-05
412,2.922442955e-09,3.416099542e-09,2.142436239e-09,8.326962678e-11,1.694424151e-05
413,2.886364375e-09,3.415845425e-09,2.142880611e-09,8.285361923e-11,1.673427252e-05
414,2.850724315e-09,3.415593883e-09,2.143311173e-09,8.240382136e-11,1.652687612e-05
415,2.815517639e-09,3.415344896e-09,2.143728323e-09,8.191725168e-11,1.632202167e-05
416,2.780739266e-09,3.41509844e-09,2.144132448e-09,8.139065619e-11,1.611967882e-05
417,2.746384167e-09,3.414854495e-09,2.144523925e-09,8.08204541e-11,1.59198176e-05
418,2.71244737e-09,3.414613041e-09,2.144903119e-09,9.963231505e-11,1.572240836e-05
419,2.678923953e-09,3.414374055e-09,2.145270385e-09,9.847527445e-11,1.552742178e-05
420,2.645809048e-09,3.414137518e-09,2.14562607e-09,9.723275144e-11,1.533482888e-05
421,2.613097843e-09,3.413903407e-09,2.145970509e-09,9.589896201e-11,1.5144601e-05
422,2.580785574e-09,3.413671703e-09,2.146304029e-09,9.44679491e-11,1.49567098e-05
423,2.54886753e-09,3.413442385e-09,2.146626945e-09,9.29336885e-11,1.477112726e-05
424,2.517339051e-09,3.413215433e-09,2.146939567e-09,9.12900946e-11,1.458782569e-05
425,2.486195531e-09,3.412990826e-09,2.147242195e-09,8.953122034e-11,1.440677769e-05
426,2.455432409e-09,3.412768544e-09,2.147535118e-09,8.765136845e-11,1.422795619e-05
427,2.42504518e-09,3.412548566e-09,2.14781862e-09,9.896462972e-11,1.405133442e-05
428,2.395029384e-09,3.412330874e-09,2.148092976e-09,9.606244577e-11,1.387688591e-05
429,2.365380612e-09,3.412115447e-09,2.148358453e-09,9.303070806e-11,1.37045845e-05
430,2.336094505e-09,3.411902266e-09,2.14861531e-09,8.987415983e-11,1.353440433e-05
431,2.30716675e-09,3.41169131e-09,2.148863799e-09,8.659986907e-11,1.336631983e-05
432,2.278593082e-09,3.41148256e-09,2.149104166e-09,8.32174049e-11,1.320030572e-05
433,2.250369287e-09,3.411275997e-09,2.149336649e-09,9.598938785e-11,1.303633702e-05
434,2.222491193e-09,3.411071602e-09,2.149561478e-09,9.827698624e-11,1.287438902e-05
435,2.194954677e-09,3.410869355e-09,2.14977888e-09,9.389271405e-11,1.27144373e-05
436,2.167755663e-09,3.410669237e-09,2.149989071e-09,8.962655087e-11,1.255645775e-05
437,2.14089012e-09,3.410471229e-09,2.150192265e-09,8.550094648e-11,1.240042649e-05
438,2.114354061e-09,3.410275313e-09,2.150388668e-09,8.153741458e-11,1.224631995e-05
439,2.088143545e-09,3.41008147e-09,2.150578479e-09,7.7756176e-11,1.209411481e-05
440,2.062254677e-09,3.409889681e-09,2.150761895e-09,9.770874007e-11,1.194378805e-05
441,2.036683601e-09,3.409699928e-09,2.150939102e-09,9.432363548e-11,1.179531688e-05
442,2.011426511e-09,3.409512191e-09,2.151110287e-09,9.120254454e-11,1.16486788e-05
443,1.986479638e-09,3.409326454e-09,2.151275627e-09,8.835075374e-11,1.150385156e-05
444,1.961839262e-09,3.409142697e-09,2.151435295e-09,8.577120288e-11,1.136081318e-05
445,1.937501699e-09,3.408960903e-09,2.15158946e-09,8.346450299e-11,1.121954193e-05
446,1.913463311e-09,3.408781054e-09,2.151738286e-09,8.142905508e-11,1.108001632e-05
447,1.889720501e-09,3.408603132e-09,2.151881931e-09,7.966116574e-11,1.094221513e-05
448,1.866269711e-09,3.408427119e-09,2.152020552e-09,7.815519333e-11,1.080611739e-05
449,1.843107426e-09,3.408252998e-09,2.152154296e-09,7.690376495e-11,1.067170235e-05
450,1.82023017e-09,3.40808075e-09,2.152283311e-09,7.589794079e-11,1.053894953e-05
451,1.797634507e-09,3.40791036e-09,2.152407738e-09,7.512745855e-11,1.040783868e-05
452,1.77531704e-09,3.407741809e-09,2.152527714e-09,7.458096707e-11,1.027834979e-05
453,1.753274412e-09,3.40757508e-09,2.152643374e-09,7.424623548e-11,1.015046307e-05
454,1.731503305e-09,3.407410156e-09,2.152754847e-09,7.411040673e-11,1.002415899e-05
455,1.710000437e-09,3.40724702e-09,2.15286226e-09,7.416017903e-11,9.899418228e-06
456,1.688762567e-09,3.407085656e-09,2.152965734e-09,7.438204113e-11,9.7762217e-06
457,1.667786488e-09,3.406926047e-09,2.15306539e-09,7.476243229e-11,9.654550545e-06
458,1.647069032e-09,3.406768176e-09,2.153161342e-09,7.528791481e-11,9.534386125e-06
459,1.626607087e-09,3.406612026e-09,2.153253703e-09,7.594529917e-11,9.415710021e-06
460,1.606397551e-09,3.406457582e-09,2.153342583e-09,7.672176981e-11,9.298504034e-06
461,1.586437352e-09,3.406304826e-09,2.153428087e-09,7.760497618e-11,9.18275018e-06
462,1.566723466e-09,3.406153744e-09,2.153510318e-09,7.858310312e-11,9.068430688e-06
463,1.547252904e-09,3.406004318e-09,2.153589376e-09,7.964491518e-11,8.955527997e-06
464,1.528022713e-09,3.405856533e-09,2.153665359e-09,8.077981003e-11,8.844024756e-06
465,1.509029973e-09,3.405710373e-09,2.15373836e-09,8.197782058e-11,8.73390382e-06
466,1.4902718e-09,3.405565822e-09,2.153808472e-09,8.322964061e-11,8.625148248e-06
467,1.471745342e-09,3.405422865e-09,2.153875783e-09,8.452661857e-11,8.517741301e-06
468,1.453447781e-09,3.405281486e-09,2.153940381e-09,8.586073289e-11,8.411666439e-06
469,1.435376332e-09,3.40514167e-09,2.154002348e-09,8.722459544e-11,8.30690732e-06
470,1.417528243e-09,3.405003401e-09,2.154061766e-09,8.861143445e-11,8.203447795e-06
471,1.399900794e-09,3.404866665e-09,2.154118716e-09,9.00150382e-11,8.101271912e-06
472,1.382491296e-09,3.404731446e-09,2.154173272e-09,9.142976028e-11,8.000363906e-06
473,1.365297093e-09,3.40459773e-09,2.154225512e-09,9.285047438e-11,7.900708203e-06
474,1.348315561e-09,3.404465501e-09,2.154275506e-09,9.427255222e-11,7.802289414e-06
475,1.331544104e-09,3.404334745e-09,2.154323325e-09,9.569181319e-11,7.705092335e-06
476,1.31498016e-09,3.404205447e-09,2.154369039e-09,9.710451995e-11,7.609101945e-06
477,1.298621194e-09,3.404077593e-09,2.154412712e-09,9.850733704e-11,7.514303402e-06
478,1.282464704e-09,3.403951168e-09,2.15445441e-09,9.9897284e-11,7.420682044e-06
479,1.266508215e-09,3.403826159e-09,2.154494196e-09,7.750721603e-11,7.328223383e-06
480,1.250749283e-09,3.40370255e-09,2.15453213e-09,7.882717199e-11,7.236913108e-06
481,1.235185493e-09,3.403580328e-09,2.154568272e-09,8.012300381e-11,7.146737078e-06
482,1.219814458e-09,3.403459479e-09,2.154602678e-09,8.139325883e-11,7.057681323e-06
483,1.204633818e-09,3.403339989e-09,2.154635405e-09,8.263676337e-11,6.969732042e-06
484,1.189641244e-09,3.403221845e-09,2.154666506e-09,8.385254001e-11,6.882875599e-06
485,1.174834434e-09,3.403105032e-09,2.154696035e-09,8.503980502e-11,6.797098524e-06
486,1.16021111e-09,3.402989537e-09,2.154724042e-09,8.619797521e-11,6.71238751e-06
487,1.145769025e-09,3.402875347e-09,2.154750576e-09,8.732661934e-11,6.628729408e-06
488,1.131505958e-09,3.402762448e-09,2.154775686e-09,8.842544459e-11,6.546111231e-06
489,1.117419714e-09,3.402650827e-09,2.154799418e-09,8.949427377e-11,6.464520148e-06
490,1.103508123e-09,3.402540472e-09,2.154821818e-09,9.053305265e-11,6.383943483e-06
491,1.089769043e-09,3.402431369e-09,2.15484293e-09,9.154181502e-11,6.304368714e-06
492,1.076200357e-09,3.402323505e-09,2.154862796e-09,9.252067361e-11,6.22578347e-06
493,1.062799972e-09,3.402216868e-09,2.154881458e-09,9.3469835e-11,6.148175531e-06
494,1.049565822e-09,3.402111444e-09,2.154898956e-09,9.438954371e-11,6.071532825e-06
495,1.036495865e-09,3.402007222e-09,2.154915329e-09,9.528009925e-11,5.995843425e-06
496,1.023588083e-09,3.401904189e-09,2.154930615e-09,9.614188012e-11,5.921095552e-06
497,1.010840482e-09,3.401802332e-09,2.154944851e-09,9.697525771e-11,5.847277566e-06
498,9.982510942e-10,3.401701639e-09,2.154958073e-09,9.778067271e-11,5.774377973e-06
499,9.85817972e-10,3.401602098e-09,2.154970314e-09,9.855857867e-11,5.702385414e-06
500,9.73539194e-10,3.401503697e-09,2.15498161e-09,9.930945316e-11,5.631288673e-06
501,9.614128606e-10,3.401406424e-09,2.154991992e-09,9.290764425e-11,5.561076667e-06
502,9.494370954e-10,3.401310268e-09,2.155001492e-09,9.359317638e-11,5.49173845e-06
503,9.376100448e-10,3.401215216e-09,2.15501014e-09,9.425191104e-11,5.423263208e-06
504,9.25929877e-10,3.401121256e-09,2.155017968e-09,9.488455093e-11,5.355640261e-06
505,9.143947829e-10,3.401028378e-09,2.155025003e-09,9.549182067e-11,5.288859055e-06
506,9.030029749e-10,3.40093657e-09,2.155031274e-09,9.607441038e-11,5.22290917e-06
507,8.917526869e-10,3.40084582e-09,2.155036807e-09,9.663300865e-11,5.15778031e-06
508,8.806421746e-10,3.400756118e-09,2.155041631e-09,9.716829387e-11,5.093462305e-06
509,8.696697142e-10,3.400667452e-09,2.155045769e-09,9.768092792e-11,5.02994511e-06
510,8.588336031e-10,3.400579811e-09,2.155049247e-09,9.817154458e-11,4.967218803e-06
511,8.481321594e-10,3.400493183e-09,2.155052089e-09,9.864079481e-11,4.905273583e-06
512,8.375637213e-10,3.40040756e-09,2.155054318e-09,9.908929306e-11,4.844099768e-06
513,8.271266474e-10,3.400322928e-09,2.155055958e-09,9.951763361e-11,4.783687796e-06
514,8.168193157e-10,3.400239279e-09,2.15505703e-09,9.992641061e-11,4.724028221e-06
515,8.066401246e-10,3.400156601e-09,2.155057555e-09,8.29787041e-11,4.665111714e-06
516,7.965874916e-10,3.400074884e-09,2.155057555e-09,8.326943199e-11,4.606929057e-06
517,7.866598531e-10,3.399994117e-09,2.155057048e-09,8.354565935e-11,4.54947115e-06
518,7.768556648e-10,3.39991429e-09,2.155056056e-09,8.380786885e-11,4.492729e-06
519,7.671734015e-10,3.399835394e-09,2.155054596e-09,8.405652074e-11,4.436693727e-06
520,7.576115557e-10,3.399757417e-09,2.155052687e-09,8.429206982e-11,4.38135656e-06
521,7.481686395e-10,3.399680351e-09,2.155050347e-09,8.451495108e-11,4.326708834e-06
522,7.388431817e-10,3.399604184e-09,2.155047593e-09,8.472558062e-11,4.272741991e-06
523,7.296337296e-10,3.399528908e-09,2.155044442e-09,8.492434265e-11,4.219447579e-06
524,7.205388487e-10,3.399454513e-09,2.155040909e-09,8.511162195e-11,4.166817248e-06
525,7.115571215e-10,3.399380988e-09,2.15503701e-09,8.528782145e-11,4.114842754e-06
526,7.026871476e-10,3.399308325e-09,2.155032761e-09,8.545326115e-11,4.063515951e-06
527,6.939275443e-10,3.399236513e-09,2.155028177e-09,8.560830183e-11,4.012828794e-06
528,6.852769449e-10,3.399165544e-09,2.155023271e-09,8.575327459e-11,3.962773338e-06
529,6.767340003e-10,3.399095409e-09,2.155018057e-09,8.588849686e-11,3.913341736e-06
530,6.682973773e-10,3.399026098e-09,2.15501255e-09,8.601428953e-11,3.864526235e-06
531,6.599657592e-10,3.398957601e-09,2.155006761e-09,8.613093421e-11,3.81631918e-06
532,6.517378455e-10,3.398889911e-09,2.155000703e-09,8.623872741e-11,3.76871301e-06
533,6.436123512e-10,3.398823018e-09,2.154994389e-09,8.633794469e-11,3.721700257e-06
534,6.355880075e-10,3.398756914e-09,2.15498783e-09,8.642885758e-11,3.675273543e-06
535,6.276635609e-10,3.398691588e-09,2.154981037e-09,8.651172108e-11,3.629425584e-06
536,6.198377731e-10,3.398627034e-09,2.154974023e-09,8.658678203e-11,3.584149185e-06
537,6.121094212e-10,3.398563242e-09,2.154966796e-09,8.665429524e-11,3.539437238e-06
538,6.044772974e-10,3.398500204e-09,2.154959369e-09,8.67144896e-11,3.495282724e-06
539,5.969402083e-10,3.398437912e-09,2.15495175e-09,8.676759079e-11,3.451678712e-06
540,5.894969753e-10,3.398376356e-09,2.15494395e-09,8.681381183e-11,3.408618353e-06
541,5.821464346e-10,3.39831553e-09,2.154935977e-09,8.685337342e-11,3.366094887e-06
542,5.748874363e-10,3.398255424e-09,2.154927842e-09,8.688647061e-11,3.324101634e-06
543,5.677188446e-10,3.398196031e-09,2.154919552e-09,8.69133208e-11,3.282631997e-06
544,5.606395378e-10,3.398137342e-09,2.154911117e-09,8.693409029e-11,3.241679462e-06
545,5.536484078e-10,3.39807935e-09,2.154902544e-09,8.694899844e-11,3.201237595e-06
546,5.467443604e-10,3.398022047e-09,2.154893841e-09,8.695820388e-11,3.161300041e-06
547,5.399263145e-10,3.397965425e-09,2.154885017e-09,8.696189602e-11,3.121860523e-06
548,5.331932029e-10,3.397909477e-09,2.154876078e-09,8.696023835e-11,3.082912844e-06
549,5.265439708e-10,3.397854194e-09,2.154867032e-09,8.695339144e-11,3.044450881e-06
550,5.199775767e-10,3.39779957e-09,2.154857886e-09,8.694152175e-11,3.006468588e-06
551,5.134929916e-10,3.397745596e-09,2.154848646e-09,8.692479728e-11,2.968959993e-06
552,5.070891999e-10,3.397692266e-09,2.154839319e-09,8.69033512e-11,2.931919201e-06
553,5.00765198e-10,3.397639572e-09,2.154829911e-09,8.687733034e-11,2.895340384e-06
554,4.945199946e-10,3.397587507e-09,2.154820429e-09,8.68469068e-11,2.859217793e-06
555,4.883526107e-10,3.397536063e-09,2.154810877e-09,8.681219089e-11,2.823545745e-06
556,4.822620796e-10,3.397485235e-09,2.154801263e-09,8.677334235e-11,2.788318629e-06
557,4.76247446e-10,3.397435014e-09,2.15479159e-09,8.673048605e-11,2.753530906e-06
558,4.703077669e-10,3.397385394e-09,2.154781865e-09,8.668372166e-11,2.719177101e-06
559,4.644421107e-10,3.397336367e-09,2.154772093e-09,8.663322803e-11,2.685251811e-06
560,4.586495573e-10,3.397287928e-09,2.154762278e-09,8.657909055e-11,2.651749697e-06
561,4.529291978e-10,3.397240069e-09,2.154752426e-09,8.652143613e-11,2.618665488e-06
562,4.472801348e-10,3.397192784e-09,2.15474254e-09,8.646038248e-11,2.585993979e-06
563,4.417014819e-10,3.397146065e-09,2.154732625e-09,8.639605467e-11,2.553730027e-06
564,4.361923635e-10,3.397099908e-09,2.154722686e-09,8.632854964e-11,2.521868554e-06
565,4.30751915e-10,3.397054305e-09,2.154712727e-09,8.625798073e-11,2.490404546e-06
566,4.253792823e-10,3.397009249e-09,2.15470275e-09,8.618445274e-11,2.459333049e-06
567,4.200736221e-10,3.396964735e-09,2.154692762e-09,8.610807495e-11,2.428649174e-06
568,4.148341009e-10,3.396920756e-09,2.154682764e-09,8.602894182e-11,2.398348089e-06
569,4.096598964e-10,3.396877306e-09,2.15467276e-09,8.594715698e-11,2.368425024e-06
570,4.04550196e-10,3.396834379e-09,2.154662755e-09,8.586280735e-11,2.338875268e-06
571,3.995041968e-10,3.396791969e-09,2.15465275e-09,8.577599377e-11,2.309694167e-06
572,3.945211068e-10,3.396750069e-09,2.15464275e-09,8.568681015e-11,2.280877128e-06
573,3.896001427e-10,3.396708675e-09,2.154632757e-09,8.559534735e-11,2.252419611e-06
574,3.847405317e-10,3.39666778e-09,2.154622774e-09,8.550168045e-11,2.224317136e-06
575,3.799415099e-10,3.396627378e-09,2.154612804e-09,8.540592074e-11,2.196565276e-06
576,3.752023234e-10,3.396587464e-09,2.15460285e-09,8.530812204e-11,2.169159661e-06
577,3.705222275e-10,3.396548031e-09,2.154592914e-09,8.520837806e-11,2.142095974e-06
578,3.659004868e-10,3.396509075e-09,2.154582998e-09,8.510678722e-11,2.115369951e-06
579,3.613363745e-10,3.39647059e-09,2.154573106e-09,8.500340331e-11,2.088977384e-06
580,3.568291734e-10,3.39643257e-09,2.154563239e-09,8.489831078e-11,2.062914115e-06
581,3.523781747e-10,3.39639501e-09,2.154553399e-09,8.479160916e-11,2.037176037e-06
582,3.479826792e-10,3.396357904e-09,2.154543589e-09,8.468332553e-11,2.011759096e-06
583,3.436419952e-10,3.396321247e-09,2.154533811e-09,8.457356727e-11,1.986659287e-06
584,3.393554406e-10,3.396285034e-09,2.154524066e-09,8.446239645e-11,1.961872656e-06
585,3.351223407e-10,3.39624926e-09,2.154514356e-09,8.434988447e-11,1.937395297e-06
586,3.309420305e-10,3.39621392e-09,2.154504684e-09,8.423609081e-11,1.913223353e-06
587,3.268138522e-10,3.396179008e-09,2.15449505e-09,8.412110261e-11,1.889353015e-06
588,3.227371567e-10,3.396144519e-09,2.154485456e-09,8.400494611e-11,1.865780523e-06
589,3.187113025e-10,3.396110449e-09,2.154475905e-09,8.388772089e-11,1.84250216e-06
590,3.147356565e-10,3.396076792e-09,2.154466396e-09,8.376949039e-11,1.819514259e-06
591,3.10809593e-10,3.396043544e-09,2.154456933e-09,8.365026315e-11,1.796813197e-06
592,3.069324946e-10,3.396010699e-09,2.154447515e-09,8.353018375e-11,1.774395396e-06
593,3.03103751e-10,3.395978254e-09,2.154438144e-09,8.340922582e-11,1.752257322e-06
594,2.993227602e-10,3.395946204e-09,2.154428822e-09,8.328750156e-11,1.730395488e-06
595,2.955889269e-10,3.395914543e-09,2.15441955e-09,8.316505355e-11,1.708806446e-06
596,2.919016635e-10,3.395883267e-09,2.154410328e-09,8.304192826e-11,1.687486794e-06
597,2.882603898e-10,3.395852371e-09,2.154401158e-09,8.291819183e-11,1.666433171e-06
598,2.846645329e-10,3.395821852e-09,2.15439204e-09,8.279388164e-11,1.645642259e-06
599,2.811135267e-10,3.395791704e-09,2.154382976e-09,9.994422423e-11,1.62511078e-06
600,2.77606812e-10,3.395761924e-09,2.154373966e-09,9.978496593e-11,1.604835498e-06
601,2.741438373e-10,3.395732506e-09,2.154365012e-09,9.962532112e-11,1.584813216e-06
602,2.707240573e-10,3.395703447e-09,2.154356113e-09,9.946531948e-11,1.565040779e-06
603,2.673469334e-10,3.395674742e-09,2.154347271e-09,9.930500601e-11,1.545515069e-06
604,2.640119344e-10,3.395646388e-09,2.154338486e-09,9.914449509e-11,1.526233008e-06
605,2.607185346e-10,3.395618379e-09,2.154329759e-09,9.898380175e-11,1.507191555e-06
606,2.574662163e-10,3.395590712e-09,2.154321091e-09,9.882298422e-11,1.488387709e-06
607,2.542544668e-10,3.395563383e-09,2.154312482e-09,9.866211911e-11,1.469818506e-06
608,2.510827804e-10,3.395536388e-09,2.154303932e-09,9.850123731e-11,1.451481017e-06
609,2.479506581e-10,3.395509722e-09,2.154295443e-09,9.83403883e-11,1.433372351e-06
610,2.448576062e-10,3.395483382e-09,2.154287014e-09,9.817965891e-11,1.415489654e-06
611,2.418031379e-10,3.395457364e-09,2.154278645e-09,9.801906022e-11,1.397830105e-06
612,2.387867721e-10,3.395431664e-09,2.154270338e-09,9.785864729e-11,1.38039092e-06
613,2.358080338e-10,3.395406279e-09,2.154262093e-09,9.76984691e-11,1.363169349e-06
614,2.32866454e-10,3.395381204e-09,2.154253909e-09,9.753859502e-11,1.346162678e-06
615,2.299615688e-10,3.395356436e-09,2.154245787e-09,9.737902741e-11,1.329368224e-06
616,2.270929216e-10,3.395331971e-09,2.154237728e-09,9.721983455e-11,1.312783338e-06
617,2.242600598e-10,3.395307805e-09,2.154229731e-09,9.706104447e-11,1.296405407e-06
618,2.214625375e-10,3.395283935e-09,2.154221797e-09,9.690270092e-11,1.280231847e-06
619,2.186999139e-10,3.395260358e-09,2.154213925e-09,9.674486072e-11,1.264260109e-06
620,2.15971754e-10,3.39523707e-09,2.154206117e-09,9.658754191e-11,1.248487672e-06
621,2.132776279e-10,3.395214067e-09,2.154198372e-09,9.643078378e-11,1.232912051e-06
622,2.106171112e-10,3.395191346e-09,2.15419069e-09,9.627460783e-11,1.21753079e-06
623,2.079897847e-10,3.395168904e-09,2.154183071e-09,9.611909131e-11,1.202341461e-06
624,2.053952347e-10,3.395146737e-09,2.154175515e-09,9.59642402e-11,1.187341672e-06
625,2.028330523e-10,3.395124842e-09,2.154168023e-09,9.58100656e-11,1.172529055e-06
626,2.003028336e-10,3.395103215e-09,2.154160594e-09,9.565662835e-11,1.157901275e-06
627,1.978041807e-10,3.395081854e-09,2.154153228e-09,9.550395749e-11,1.143456026e-06
628,1.953366991e-10,3.395060756e-09,2.154145925e-09,9.53520763e-11,1.129191029e-06
629,1.929000003e-10,3.395039916e-09,2.154138685e-09,9.520099331e-11,1.115104035e-06
630,1.904937005e-10,3.395019332e-09,2.154131508e-09,9.505077158e-11,1.101192822e-06
631,1.881174204e-10,3.394999001e-09,2.154124395e-09,9.490142986e-11,1.087455197e-06
632,1.857707857e-10,3.394978921e-09,2.154117344e-09,9.47529308e-11,1.073888993e-06
633,1.834534263e-10,3.394959086e-09,2.154110355e-09,9.460541559e-11,1.06049207e-06
634,1.811649775e-10,3.394939496e-09,2.15410343e-09,9.445881204e-11,1.047262317e-06
635,1.789050785e-10,3.394920147e-09,2.154096566e-09,9.431315424e-11,1.034197646e-06
636,1.766733731e-10,3.394901035e-09,2.154089765e-09,9.416849809e-11,1.021295997e-06
637,1.744695096e-10,3.394882159e-09,2.154083026e-09,9.402486468e-11,1.008555336e-06
638,1.722931407e-10,3.394863515e-09,2.154076348e-09,9.388219828e-11,9.959736539e-07
639,1.701439238e-10,3.3948451e-09,2.154069733e-09,9.374063575e-11,9.835489658e-07
640,1.680215197e-10,3.394826912e-09,2.154063178e-09,9.360013833e-11,9.712793125e-07
641,1.659255941e-10,3.394808948e-09,2.154056685e-09,9.346069092e-11,9.591627591e-07
642,1.638558167e-10,3.394791205e-09,2.154050252e-09,9.332233032e-11,9.471973949e-07
643,1.618118614e-10,3.39477368e-09,2.15404388e-09,9.31850975e-11,9.353813328e-07
644,1.597934059e-10,3.394756372e-09,2.154037569e-09,9.30489895e-11,9.237127094e-07
645,1.578001323e-10,3.394739277e-09,2.154031318e-09,9.291403301e-11,9.121896846e-07
646,1.558317261e-10,3.394722392e-09,2.154025126e-09,9.991028434e-11,9.008104412e-07
647,1.538878774e-10,3.394705716e-09,2.154018994e-09,9.977543298e-11,8.895731846e-07
648,1.519682799e-10,3.394689245e-09,2.154012921e-09,9.964183924e-11,8.784761427e-07
649,1.500726306e-10,3.394672977e-09,2.154006907e-09,9.950948762e-11,8.675175656e-07
650,1.482006312e-10,3.39465691e-09,2.154000952e-09,9.937846015e-11,8.56695725e-07
651,1.463519866e-10,3.394641041e-09,2.153995055e-09,9.924872371e-11,8.460089143e-07
652,1.445264048e-10,3.394625367e-09,2.153989216e-09,9.912027084e-11,8.354554482e-07
653,1.42723599e-10,3.394609887e-09,2.153983434e-09,9.899313698e-11,8.250336626e-07
654,1.409432844e-10,3.394594598e-09,2.15397771e-09,9.886728999e-11,8.147419137e-07
655,1.391851806e-10,3.394579498e-09,2.153972043e-09,9.874279024e-11,8.045785788e-07
656,1.374490105e-10,3.394564585e-09,2.153966432e-09,9.861961131e-11,7.945420551e-07
657,1.357345004e-10,3.394549855e-09,2.153960878e-09,9.849772223e-11,7.846307598e-07
658,1.340413801e-10,3.394535307e-09,2.153955379e-09,9.837724286e-11,7.7484313e-07
659,1.323693829e-10,3.394520939e-09,2.153949936e-09,9.825805237e-11,7.651776222e-07
660,1.307182447e-10,3.394506748e-09,2.153944549e-09,9.81401527e-11,7.556327122e-07
661,1.29087706e-10,3.394492733e-09,2.153939215e-09,9.802365097e-11,7.462068949e-07
662,1.27477509e-10,3.394478891e-09,2.153933937e-09,9.790849774e-11,7.368986839e-07
663,1.258874007e-10,3.39446522e-09,2.153928712e-09,9.779464887e-11,7.277066114e-07
664,1.243171299e-10,3.394451718e-09,2.153923541e-09,9.768219517e-11,7.186292278e-07
665,1.227664494e-10,3.394438383e-09,2.153918424e-09,9.757104766e-11,7.096651019e-07
666,1.212351142e-10,3.394425212e-09,2.153913359e-09,9.746124936e-11,7.008128198e-07
667,1.197228837e-10,3.394412205e-09,2.153908347e-09,9.73527779e-11,6.920709859e-07
668,1.182295191e-10,3.394399358e-09,2.153903386e-09,9.724568104e-11,6.834382218e-07
669,1.16754785e-10,3.39438667e-09,2.153898478e-09,9.713992128e-11,6.74913166e-07
670,1.152984491e-10,3.39437414e-09,2.153893621e-09,9.70354574e-11,6.664944744e-07
671,1.138602818e-10,3.394361764e-09,2.153888815e-09,9.693240273e-11,6.581808194e-07
672,1.124400564e-10,3.394349541e-09,2.153884059e-09,9.683061525e-11,6.499708901e-07
673,1.110375489e-10,3.39433747e-09,2.153879354e-09,9.673020185e-11,6.418633921e-07
674,1.096525383e-10,3.394325548e-09,2.153874698e-09,9.663111948e-11,6.338570467e-07
675,1.082848064e-10,3.394313773e-09,2.153870092e-09,9.65333466e-11,6.259505919e-07
676,1.069341377e-10,3.394302145e-09,2.153865535e-09,9.643688465e-11,6.181427806e-07
677,1.056003189e-10,3.39429066e-09,2.153861026e-09,9.634176077e-11,6.104323821e-07
678,1.042831401e-10,3.394279317e-09,2.153856565e-09,9.624794173e-11,6.028181803e-07
679,1.029823934e-10,3.394268115e-09,2.153852152e-09,9.615540896e-11,5.952989748e-07
680,1.01697874e-10,3.394257052e-09,2.153847787e-09,9.606419152e-11,5.878735801e-07
681,1.004293794e-10,3.394246126e-09,2.153843468e-09,9.59743041e-11,5.805408253e-07
682,9.917670956e-11,3.394235335e-09,2.153839196e-09,9.588567881e-11,5.732995544e-07
683,9.793966709e-11,3.394224678e-09,2.153834971e-09,9.579835276e-11,5.661486255e-07
684,9.671805697e-11,3.394214152e-09,2.153830791e-09,9.571226044e-11,5.590869112e-07
685,9.551168664e-11,3.394203758e-09,2.153826656e-09,9.562753925e-11,5.521132981e-07
686,9.432036595e-11,3.394193492e-09,2.153822566e-09,9.554395385e-11,5.452266868e-07
687,9.314390717e-11,3.394183353e-09,2.153818521e-09,9.54617485e-11,5.384259913e-07
688,9.198212482e-11,3.39417334e-09,2.15381452e-09,9.538069052e-11,5.317101397e-07
689,9.083483571e-11,3.394163451e-09,2.153810563e-09,9.530096696e-11,5.250780729e-07
690,8.970185909e-11,3.394153685e-09,2.15380665e-09,9.522242701e-11,5.185287455e-07
691,8.858301622e-11,3.39414404e-09,2.153802779e-09,9.514517266e-11,5.120611248e-07
692,8.747813104e-11,3.394134514e-09,2.153798951e-09,9.506911099e-11,5.056741912e-07
693,8.638702919e-11,3.394125107e-09,2.153795165e-09,9.499420894e-11,4.993669378e-07
694,8.530953865e-11,3.394115816e-09,2.153791421e-09,9.492059981e-11,4.931383701e-07
695,8.42454897e-11,3.39410664e-09,2.153787718e-09,9.484817833e-11,4.869875063e-07
696,8.319471464e-11,3.394097579e-09,2.153784057e-09,9.477688587e-11,4.809133766e-07
697,8.215704773e-11,3.394088629e-09,2.153780436e-09,9.470682585e-11,4.749150236e-07
698,8.113232536e-11,3.394079791e-09,2.153776856e-09,9.463792327e-11,4.689915015e-07
699,8.01203864e-11,3.394071063e-09,2.153773315e-09,9.457022134e-11,4.631418764e-07
700,7.912107076e-11,3.394062442e-09,2.153769814e-09,9.450359048e-11,4.573652263e-07
701,7.813422149e-11,3.394053929e-09,2.153766352e-09,9.443818361e-11,4.516606406e-07
702,7.715968266e-11,3.394045522e-09,2.153762929e-09,9.437385019e-11,4.460272197e-07
703,7.619730082e-11,3.394037218e-09,2.153759544e-09,9.431076646e-11,4.404640758e-07
704,7.52469243e-11,3.394029018e-09,2.153756197e-09,9.424869213e-11,4.349703319e-07
705,7.430840333e-11,3.39402092e-09,2.153752888e-09,9.418775875e-11,4.29545122e-07
706,7.338159002e-11,3.394012922e-09,2.153749616e-09,9.412790175e-11,4.241875907e-07
707,7.246633804e-11,3.394005024e-09,2.153746382e-09,9.406913202e-11,4.188968938e-07
708,7.156250321e-11,3.393997223e-09,2.153743183e-09,9.401152578e-11,4.136721969e-07
709,7.066994331e-11,3.39398952e-09,2.153740021e-09,9.395493953e-11,4.085126767e-07
710,6.978851758e-11,3.393981912e-09,2.153736895e-09,9.389933231e-11,4.034175198e-07
711,6.891808687e-11,3.393974398e-09,2.153733804e-09,9.384484682e-11,3.98385923e-07
712,6.805851431e-11,3.393966978e-09,2.153730749e-09,9.379151014e-11,3.934170933e-07
713,6.720966424e-11,3.393959651e-09,2.153727728e-09,9.373909656e-11,3.885102474e-07
714,6.637140291e-11,3.393952414e-09,2.153724741e-09,9.368768147e-11,3.836646119e-07
715,6.55435981e-11,3.393945267e-09,2.153721789e-09,9.363728944e-11,3.78879423e-07
716,6.472611959e-11,3.393938209e-09,2.15371887e-09,9.358799093e-11,3.741539264e-07
717,6.391883826e-11,3.393931238e-09,2.153715985e-09,9.353956369e-11,3.694873773e-07
718,6.312162723e-11,3.393924354e-09,2.153713133e-09,9.349219399e-11,3.6487904e-07
719,6.233436052e-11,3.393917556e-09,2.153710314e-09,9.344576314e-11,3.603281885e-07
720,6.155691399e-11,3.393910842e-09,2.153707527e-09,9.340032998e-11,3.558341052e-07
721,6.07891655e-11,3.393904212e-09,2.153704771e-09,9.335584075e-11,3.513960819e-07
722,6.003099394e-11,3.393897664e-09,2.153702048e-09,9.331220283e-11,3.470134191e-07
723,5.928227969e-11,3.393891198e-09,2.153699356e-09,9.32695692e-11,3.426854259e-07
724,5.854290474e-11,3.393884812e-09,2.153696695e-09,9.322794926e-11,3.384114203e-07
725,5.781275254e-11,3.393878505e-09,2.153694065e-09,9.318716306e-11,3.341907286e-07
726,5.70917084e-11,3.393872277e-09,2.153691465e-09,9.314710046e-11,3.300226856e-07
727,5.637965808e-11,3.393866126e-09,2.153688896e-09,9.310825226e-11,3.259066344e-07
728,5.567648971e-11,3.393860051e-09,2.153686356e-09,9.307010059e-11,3.218419263e-07
729,5.498209272e-11,3.393854052e-09,2.153683845e-09,9.303282543e-11,3.178279207e-07
730,5.429635718e-11,3.393848128e-09,2.153681364e-09,9.299644026e-11,3.138639849e-07
731,5.361917531e-11,3.393842277e-09,2.153678911e-09,9.296088493e-11,3.099494942e-07
732,5.295044036e-11,3.3938365e-09,2.153676487e-09,9.292621994e-11,3.060838317e-07
733,5.229004684e-11,3.393830794e-09,2.153674092e-09,9.289232733e-11,3.022663883e-07
734,5.163789073e-11,3.393825159e-09,2.153671724e-09,9.285931581e-11,2.98496562e-07
735,5.099386949e-11,3.393819594e-09,2.153669383e-09,9.282701028e-11,2.947737592e-07
736,5.035788124e-11,3.393814098e-09,2.153667071e-09,9.279566697e-11,2.910973927e-07
737,4.972982599e-11,3.393808671e-09,2.153664785e-09,9.27649343e-11,2.874668835e-07
738,4.910960472e-11,3.393803311e-09,2.153662526e-09,9.273510719e-11,2.838816592e-07
739,4.849711962e-11,3.393798018e-09,2.153660293e-09,9.270601335e-11,2.80341155e-07
740,4.78922744e-11,3.39379279e-09,2.153658086e-09,9.267774559e-11,2.768448129e-07
741,4.729497345e-11,3.393787628e-09,2.153655906e-09,9.265008663e-11,2.733920819e-07
742,4.670512285e-11,3.39378253e-09,2.153653751e-09,9.262324814e-11,2.699824178e-07
743,4.612262967e-11,3.393777496e-09,2.153651621e-09,9.259712918e-11,2.666152835e-07
744,4.554740192e-11,3.393772524e-09,2.153649516e-09,9.257179478e-11,2.632901481e-07
745,4.497934893e-11,3.393767614e-09,2.153647436e-09,9.254704973e-11,2.600064879e-07
746,4.441838161e-11,3.393762765e-09,2.153645381e-09,9.252307735e-11,2.567637852e-07
747,4.386441124e-11,3.393757976e-09,2.153643349e-09,9.249994349e-11,2.535615292e-07
748,4.331735056e-11,3.393753247e-09,2.153641342e-09,9.247720609e-11,2.503992152e-07
749,4.277711335e-11,3.393748577e-09,2.153639359e-09,9.245538231e-11,2.472763448e-07
750,4.224361467e-11,3.393743965e-09,2.153637398e-09,9.24341252e-11,2.441924263e-07
751,4.171677012e-11,3.39373941e-09,2.153635461e-09,9.241352412e-11,2.411469733e-07
752,4.119649686e-11,3.393734912e-09,2.153633547e-09,9.239363074e-11,2.381395061e-07
753,4.0682713e-11,3.39373047e-09,2.153631656e-09,9.23741683e-11,2.351695506e-07
754,4.017533746e-11,3.393726084e-09,2.153629787e-09,9.23555723e-11,2.322366392e-07
755,3.967429052e-11,3.393721752e-09,2.15362794e-09,9.233757759e-11,2.293403095e-07
756,3.917949288e-11,3.393717474e-09,2.153626115e-09,9.2320058e-11,2.264801052e-07
757,3.86908667e-11,3.393713249e-09,2.153624312e-09,9.230328092e-11,2.236555755e-07
758,3.820833513e-11,3.393709077e-09,2.15362253e-09,9.228693753e-11,2.208662755e-07
759,3.7731822e-11,3.393704956e-09,2.153620769e-09,9.227132355e-11,2.181117656e-07
760,3.726125251e-11,3.393700887e-09,2.153619029e-09,9.225624963e-11,2.153916119e-07
761,3.679655197e-11,3.393696869e-09,2.15361731e-09,9.224171203e-11,2.127053857e-07
762,3.63376476e-11,3.393692901e-09,2.153615612e-09,9.222773802e-11,2.100526637e-07
763,3.588446699e-11,3.393688982e-09,2.153613933e-09,9.221422779e-11,2.07433028e-07
764,3.543693873e-11,3.393685112e-09,2.153612275e-09,9.220136337e-11,2.048460659e-07
765,3.49949921e-11,3.39368129e-09,2.153610636e-09,9.218905238e-11,2.022913697e-07
766,3.455855779e-11,3.393677516e-09,2.153609017e-09,9.217723979e-11,1.99768537e-07
767,3.412756701e-11,3.393673788e-09,2.153607418e-09,9.216599368e-11,1.972771702e-07
768,3.37019516e-11,3.393670107e-09,2.153605837e-09,9.215511958e-11,1.948168768e-07
769,3.328164486e-11,3.393666472e-09,2.153604275e-09,9.214476598e-11,1.923872692e-07
770,3.286658014e-11,3.393662883e-09,2.153602732e-09,9.213499005e-11,1.899879645e-07
771,3.245669232e-11,3.393659338e-09,2.153601208e-09,9.212576911e-11,1.876185848e-07
772,3.205191676e-11,3.393655837e-09,2.153599702e-09,9.211675644e-11,1.852787568e-07
773,3.165218976e-11,3.393652379e-09,2.153598214e-09,9.210847972e-11,1.829681117e-07
774,3.125744843e-11,3.393648965e-09,2.153596743e-09,9.210038895e-11,1.806862857e-07
775,3.086763015e-11,3.393645594e-09,2.153595291e-09,9.209310516e-11,1.784329191e-07
776,3.048267394e-11,3.393642264e-09,2.153593855e-09,9.208602082e-11,1.762076569e-07
777,3.010251889e-11,3.393638976e-09,2.153592437e-09,9.207936175e-11,1.740101486e-07
778,2.972710532e-11,3.393635728e-09,2.153591036e-09,9.207331003e-11,1.71840048e-07
779,2.935637403e-11,3.393632522e-09,2.153589652e-09,9.206752061e-11,1.696970131e-07
780,2.899026648e-11,3.393629355e-09,2.153588285e-09,9.206213514e-11,1.675807065e-07
781,2.862872494e-11,3.393626227e-09,2.153586934e-09,9.205714359e-11,1.654907944e-07
782,2.827169273e-11,3.393623139e-09,2.153585599e-09,9.205264211e-11,1.63426948e-07
783,2.791911355e-11,3.393620089e-09,2.15358428e-09,9.204861291e-11,1.613888418e-07
784,2.757093164e-11,3.393617077e-09,2.153582977e-09,9.204468597e-11,1.593761548e-07
785,2.72270922e-11,3.393614103e-09,2.15358169e-09,9.204152211e-11,1.573885701e-07
786,2.688754123e-11,3.393611165e-09,2.153580418e-09,9.203839906e-11,1.554257744e-07
787,2.655222505e-11,3.393608265e-09,2.153579162e-09,9.203591738e-11,1.534874586e-07
788,2.622109108e-11,3.3936054e-09,2.153577921e-09,9.203347406e-11,1.515733172e-07
789,2.589408692e-11,3.393602571e-09,2.153576695e-09,9.203156899e-11,1.496830488e-07
790,2.557116119e-11,3.393599777e-09,2.153575484e-09,9.202996559e-11,1.478163555e-07
791,2.525226283e-11,3.393597018e-09,2.153574287e-09,9.202892451e-11,1.459729433e-07
792,2.493734179e-11,3.393594294e-09,2.153573105e-09,9.202788669e-11,1.441525218e-07
793,2.462634841e-11,3.393591603e-09,2.153571937e-09,9.202723825e-11,1.423548041e-07
794,2.431923365e-11,3.393588946e-09,2.153570783e-09,9.20269949e-11,1.405795072e-07
795,2.401594923e-11,3.393586323e-09,2.153569644e-09,9.202701716e-11,1.388263513e-07
796,2.37164472e-11,3.393583731e-09,2.153568518e-09,9.202730543e-11,1.370950602e-07
797,2.342068065e-11,3.393581172e-09,2.153567405e-09,9.202805391e-11,1.353853614e-07
798,2.312860278e-11,3.393578645e-09,2.153566306e-09,9.202893396e-11,1.336969853e-07
799,2.284016761e-11,3.39357615e-09,2.153565221e-09,9.203013574e-11,1.32029666e-07
800,2.255532963e-11,3.393573685e-09,2.153564148e-09,9.203180022e-11,1.30383141e-07
801,2.227404423e-11,3.393571252e-09,2.153563089e-09,9.203333466e-11,1.287571508e-07
802,2.199626666e-11,3.393568848e-09,2.153562043e-09,9.203551953e-11,1.271514392e-07
803,2.172195367e-11,3.393566475e-09,2.153561009e-09,9.203764385e-11,1.255657535e-07
804,2.145106182e-11,3.393564131e-09,2.153559988e-09,9.204032382e-11,1.239998437e-07
805,2.118354843e-11,3.393561816e-09,2.153558979e-09,9.204314273e-11,1.224534631e-07
806,2.091937133e-11,3.393559531e-09,2.153557982e-09,9.204631795e-11,1.209263683e-07
807,2.065848877e-11,3.393557273e-09,2.153556998e-09,9.204946257e-11,1.194183186e-07
808,2.040085985e-11,3.393555044e-09,2.153556025e-09,9.205330475e-11,1.179290765e-07
809,2.014644409e-11,3.393552843e-09,2.153555065e-09,9.205675175e-11,1.164584074e-07
810,1.989520137e-11,3.393550669e-09,2.153554116e-09,9.206089432e-11,1.150060798e-07
811,1.964709195e-11,3.393548522e-09,2.153553178e-09,9.206505488e-11,1.135718647e-07
812,1.940207659e-11,3.393546402e-09,2.153552252e-09,9.206947228e-11,1.121555363e-07
813,1.916011712e-11,3.393544308e-09,2.153551337e-09,9.207423521e-11,1.107568715e-07
814,1.89211752e-11,3.393542241e-09,2.153550434e-09,9.207900514e-11,1.093756498e-07
815,1.868521344e-11,3.393540199e-09,2.153549541e-09,9.208412344e-11,1.080116539e-07
816,1.845219418e-11,3.393538183e-09,2.15354866e-09,9.208925985e-11,1.06664669e-07
817,1.822208108e-11,3.393536191e-09,2.153547789e-09,9.209455433e-11,1.053344825e-07
818,1.79948377e-11,3.393534225e-09,2.153546928e-09,9.21003594e-11,1.040208853e-07
819,1.777042848e-11,3.393532283e-09,2.153546079e-09,9.210625039e-11,1.027236704e-07
820,1.754881797e-11,3.393530366e-09,2.153545239e-09,9.211223763e-11,1.014426333e-07
821,1.732997123e-11,3.393528472e-09,2.15354441e-09,9.211806642e-11,1.001775724e-07
822,1.711385371e-11,3.393526602e-09,2.153543591e-09,9.212463872e-11,9.892828839e-08
823,1.690043153e-11,3.393524755e-09,2.153542782e-09,9.213110568e-11,9.769458442e-08
824,1.668967111e-11,3.393522931e-09,2.153541983e-09,9.21377089e-11,9.647626628e-08
825,1.648153881e-11,3.39352113e-09,2.153541193e-09,9.214456867e-11,9.527314201e-08
826,1.627600262e-11,3.393519351e-09,2.153540414e-09,9.215127288e-11,9.408502208e-08
827,1.607302929e-11,3.393517595e-09,2.153539644e-09,9.215866114e-11,9.291171943e-08
828,1.587258742e-11,3.39351586e-09,2.153538883e-09,9.216575446e-11,9.175304919e-08
829,1.567464546e-11,3.393514147e-09,2.153538131e-09,9.217298348e-11,9.060882891e-08
830,1.54791718e-11,3.393512456e-09,2.153537389e-09,9.218069671e-11,8.947887828e-08
831,1.528613621e-11,3.393510785e-09,2.153536656e-09,9.21882689e-11,8.836301937e-08
832,1.509550797e-11,3.393509136e-09,2.153535932e-09,9.219600322e-11,8.726107653e-08
833,1.490725689e-11,3.393507507e-09,2.153535216e-09,9.220396463e-11,8.617287608e-08
834,1.472135359e-11,3.393505898e-09,2.15353451e-09,9.221156319e-11,8.509824664e-08
835,1.453776878e-11,3.393504309e-09,2.153533812e-09,9.221990385e-11,8.403701887e-08
836,1.435647348e-11,3.39350274e-09,2.153533122e-09,9.222832756e-11,8.298902587e-08
837,1.417743914e-11,3.393501191e-09,2.153532441e-09,9.223660984e-11,8.195410234e-08
838,1.400063748e-11,3.393499661e-09,2.153531769e-09,9.224474318e-11,8.093208534e-08
839,1.38260407e-11,3.39349815e-09,2.153531105e-09,9.225336897e-11,7.992281392e-08
840,1.365362139e-11,3.393496658e-09,2.153530448e-09,9.2262029e-11,7.89261291e-08
841,1.348335233e-11,3.393495184e-09,2.1535298e-09,9.227072901e-11,7.794187404e-08
842,1.331520656e-11,3.393493729e-09,2.15352916e-09,9.227974244e-11,7.696989346e-08
843,1.314915793e-11,3.393492292e-09,2.153528528e-09,9.228854872e-11,7.601003446e-08
844,1.298518012e-11,3.393490873e-09,2.153527903e-09,9.229750721e-11,7.506214578e-08
845,1.282324716e-11,3.393489472e-09,2.153527286e-09,9.230661971e-11,7.412607819e-08
846,1.266333362e-11,3.393488088e-09,2.153526677e-09,9.231585348e-11,7.320168424e-08
847,1.250541451e-11,3.393486721e-09,2.153526075e-09,9.23245484e-11,7.228881824e-08
848,1.234946461e-11,3.393485371e-09,2.153525481e-09,9.233389406e-11,7.138733654e-08
849,1.219545974e-11,3.393484039e-09,2.153524894e-09,9.234342698e-11,7.049709716e-08
850,1.204337539e-11,3.393482722e-09,2.153524314e-09,9.235307401e-11,6.961795981e-08
851,1.189318767e-11,3.393481423e-09,2.153523741e-09,9.23623481e-11,6.874978611e-08
852,1.174487283e-11,3.393480139e-09,2.153523175e-09,9.237159668e-11,6.789243923e-08
853,1.159840781e-11,3.393478871e-09,2.153522617e-09,9.238165242e-11,6.704578417e-08
854,1.145376924e-11,3.39347762e-09,2.153522065e-09,9.239092586e-11,6.620968773e-08
855,1.131093438e-11,3.393476384e-09,2.15352152e-09,9.24010736e-11,6.538401801e-08
856,1.116988099e-11,3.393475163e-09,2.153520981e-09,9.241037615e-11,6.456864513e-08
857,1.10305863e-11,3.393473957e-09,2.153520449e-09,9.242029768e-11,6.37634405e-08
858,1.089302913e-11,3.393472767e-09,2.153519924e-09,9.243054268e-11,6.296827751e-08
859,1.075718719e-11,3.393471591e-09,2.153519405e-09,9.244010476e-11,6.218303084e-08
860,1.062303939e-11,3.39347043e-09,2.153518893e-09,9.24499043e-11,6.140757675e-08
861,1.049056451e-11,3.393469284e-09,2.153518387e-09,9.245978961e-11,6.064179323e-08
862,1.035974158e-11,3.393468152e-09,2.153517887e-09,9.246979165e-11,5.988555957e-08
863,1.02305503e-11,3.393467033e-09,2.153517393e-09,9.24800317e-11,5.913875675e-08
864,1.010297007e-11,3.393465929e-09,2.153516906e-09,9.249003638e-11,5.840126713e-08
865,9.976980741e-12,3.393464839e-09,2.153516424e-09,9.249992051e-11,5.767297456e-08
866,9.852562802e-12,3.393463762e-09,2.153515948e-09,9.250997468e-11,5.695376429e-08
867,9.729696469e-12,3.393462699e-09,2.153515479e-09,9.252033485e-11,5.624352317e-08
868,9.608362112e-12,3.393461649e-09,2.153515015e-09,9.253018436e-11,5.554213917e-08
869,9.488541171e-12,3.393460612e-09,2.153514556e-09,9.254041642e-11,5.484950197e-08
870,9.370214287e-12,3.393459588e-09,2.153514104e-09,9.255049323e-11,5.416550244e-08
871,9.253363182e-12,3.393458576e-09,2.153513657e-09,9.256079306e-11,5.349003285e-08
872,9.137969201e-12,3.393457578e-09,2.153513215e-09,9.257107392e-11,5.28229869e-08
873,9.024014142e-12,3.393456591e-09,2.153512779e-09,9.258157577e-11,5.216425936e-08
874,8.911480419e-12,3.393455617e-09,2.153512348e-09,9.259170529e-11,5.151374671e-08
875,8.800350007e-12,3.393454656e-09,2.153511923e-09,9.260205766e-11,5.087134627e-08
876,8.690605325e-12,3.393453706e-09,2.153511503e-09,9.261187853e-11,5.023695709e-08
877,8.582229485e-12,3.393452768e-09,2.153511088e-09,9.26220469e-11,4.961047903e-08
878,8.475205029e-12,3.393451842e-09,2.153510678e-09,9.263283804e-11,4.899181372e-08
879,8.369515117e-12,3.393450927e-09,2.153510273e-09,9.264259269e-11,4.838086351e-08
880,8.265143537e-12,3.393450024e-09,2.153509873e-09,9.265262242e-11,4.777753213e-08
881,8.162073349e-12,3.393449132e-09,2.153509479e-09,9.266283323e-11,4.71817248e-08
882,8.060288539e-12,3.393448251e-09,2.153509089e-09,9.267323768e-11,4.659334751e-08
883,7.959772896e-12,3.393447381e-09,2.153508704e-09,9.268404782e-11,4.601230766e-08
884,7.860511e-12,3.393446522e-09,2.153508323e-09,9.269345491e-11,4.543851367e-08
885,7.762486778e-12,3.393445673e-09,2.153507947e-09,9.270435399e-11,4.487187535e-08
886,7.665685073e-12,3.393444836e-09,2.153507576e-09,9.271450342e-11,4.431230327e-08
887,7.570090667e-12,3.393444008e-09,2.15350721e-09,9.272402152e-11,4.375970941e-08
888,7.475688052e-12,3.393443191e-09,2.153506848e-09,9.273451876e-11,4.321400676e-08
889,7.382463105e-12,3.393442384e-09,2.153506491e-09,9.274428465e-11,4.267510928e-08
890,7.290400368e-12,3.393441588e-09,2.153506138e-09,9.275538181e-11,4.21429322e-08
891,7.199485928e-12,3.393440801e-09,2.153505789e-09,9.27645306e-11,4.161739162e-08
892,7.109705195e-12,3.393440024e-09,2.153505444e-09,9.277508655e-11,4.109840485e-08
893,7.021043995e-12,3.393439256e-09,2.153505104e-09,9.278509227e-11,4.058589015e-08
894,6.933488518e-12,3.393438499e-09,2.153504768e-09,9.279505242e-11,4.007976687e-08
895,6.847024966e-12,3.39343775e-09,2.153504437e-09,9.280535816e-11,3.957995515e-08
896,6.761639597e-12,3.393437011e-09,2.153504109e-09,9.281454018e-11,3.90863763e-08
897,6.677318994e-12,3.393436282e-09,2.153503786e-09,9.282602313e-11,3.859895276e-08
898,6.594050098e-12,3.393435561e-09,2.153503466e-09,9.283473745e-11,3.811760754e-08
899,6.511819391e-12,3.393434849e-09,2.15350315e-09,9.284516253e-11,3.764226503e-08
900,6.430614233e-12,3.393434146e-09,2.153502839e-09,9.285455222e-11,3.717285033e-08
901,6.350421777e-12,3.393433452e-09,2.153502531e-09,9.286523346e-11,3.670928939e-08
902,6.271229347e-12,3.393432767e-09,2.153502227e-09,9.287521649e-11,3.625150935e-08
903,6.193024396e-12,3.39343209e-09,2.153501926e-09,9.288404017e-11,3.579943803e-08
904,6.115794872e-12,3.393431422e-09,2.15350163e-09,9.289442477e-11,3.53530043e-08
905,6.039528371e-12,3.393430762e-09,2.153501337e-09,9.290437103e-11,3.491213785e-08
906,5.964212924e-12,3.39343011e-09,2.153501048e-09,9.291324854e-11,3.447676913e-08
907,5.889836663e-12,3.393429466e-09,2.153500762e-09,9.292390246e-11,3.404682977e-08
908,5.816388079e-12,3.39342883e-09,2.15350048e-09,9.293367165e-11,3.362225193e-08
909,5.743855295e-12,3.393428203e-09,2.153500201e-09,9.29425926e-11,3.320296879e-08
910,5.672227088e-12,3.393427583e-09,2.153499926e-09,9.295228536e-11,3.278891439e-08
911,5.601492129e-12,3.393426971e-09,2.153499654e-09,9.296157158e-11,3.23800233e-08
912,5.531639334e-12,3.393426366e-09,2.153499386e-09,9.29712817e-11,3.197623133e-08
913,5.462657401e-12,3.393425769e-09,2.153499121e-09,9.298096039e-11,3.157747494e-08
914,5.394535738e-12,3.393425179e-09,2.153498859e-09,9.298978876e-11,3.118369116e-08
915,5.327263793e-12,3.393424597e-09,2.1534986e-09,9.30003642e-11,3.079481803e-08
916,5.260830813e-12,3.393424022e-09,2.153498345e-09,9.300874145e-11,3.041079435e-08
917,5.195226061e-12,3.393423454e-09,2.153498093e-09,9.301849235e-11,3.003155968e-08
918,5.130439497e-12,3.393422894e-09,2.153497844e-09,9.302714584e-11,2.965705415e-08
919,5.066460933e-12,3.39342234e-09,2.153497598e-09,9.303654159e-11,2.928721893e-08
920,5.003279917e-12,3.393421793e-09,2.153497355e-09,9.304609005e-11,2.892199577e-08
921,4.94088723e-12,3.393421253e-09,2.153497115e-09,9.305538372e-11,2.856132705e-08
922,4.87927254e-12,3.39342072e-09,2.153496878e-09,9.306339874e-11,2.820515602e-08
923,4.818425906e-12,3.393420193e-09,2.153496644e-09,9.307362758e-11,2.785342665e-08
924,4.758338172e-12,3.393419673e-09,2.153496413e-09,9.308182646e-11,2.750608341e-08
925,4.698999873e-12,3.39341916e-09,2.153496184e-09,9.309208327e-11,2.716307179e-08
926,4.640401615e-12,3.393418653e-09,2.153495959e-09,9.309906918e-11,2.68243377e-08
927,4.582533888e-12,3.393418152e-09,2.153495736e-09,9.310974311e-11,2.648982772e-08
928,4.525387895e-12,3.393417657e-09,2.153495516e-09,9.311685528e-11,2.615948921e-08
929,4.468954525e-12,3.393417169e-09,2.153495299e-09,9.312696773e-11,2.583327016e-08
930,4.41322496e-12,3.393416686e-09,2.153495085e-09,9.313583439e-11,2.551111922e-08
931,4.358190413e-12,3.39341621e-09,2.153494873e-09,9.31434159e-11,2.519298564e-08
932,4.303842036e-12,3.39341574e-09,2.153494664e-09,9.31523755e-11,2.487881939e-08
933,4.250171527e-12,3.393415275e-09,2.153494457e-09,9.316079264e-11,2.456857093e-08
934,4.197170169e-12,3.393414816e-09,2.153494253e-09,9.317016347e-11,2.426219128e-08
935,4.144829707e-12,3.393414364e-09,2.153494052e-09,9.317749116e-11,2.395963239e-08
936,4.0931422e-12,3.393413916e-09,2.153493853e-09,9.318636573e-11,2.366084645e-08
937,4.042099217e-12,3.393413474e-09,2.153493656e-09,9.319464435e-11,2.336578658e-08
938,3.991692568e-12,3.393413038e-09,2.153493462e-09,9.32026055e-11,2.307440636e-08
939,3.941914616e-12,3.393412607e-09,2.153493271e-09,9.321155281e-11,2.278665953e-08
940,3.892757559e-12,3.393412182e-09,2.153493081e-09,9.321997444e-11,2.250250111e-08
941,3.844213219e-12,3.393411762e-09,2.153492895e-09,9.322817127e-11,2.222188633e-08
942,3.796274562e-12,3.393411347e-09,2.15349271e-09,9.323504403e-11,2.194477083e-08
943,3.748933554e-12,3.393410937e-09,2.153492528e-09,9.324366634e-11,2.167111113e-08
944,3.702182944e-12,3.393410533e-09,2.153492348e-09,9.325291659e-11,2.140086411e-08
945,3.656015198e-12,3.393410133e-09,2.15349217e-09,9.325860329e-11,2.113398709e-08
946,3.61042332e-12,3.393409738e-09,2.153491994e-09,9.326773278e-11,2.087043824e-08
947,3.56539997e-12,3.393409349e-09,2.153491821e-09,9.327510742e-11,2.061017593e-08
948,3.520938193e-12,3.393408964e-09,2.15349165e-09,9.328425349e-11,2.035315913e-08
949,3.47703059e-12,3.393408584e-09,2.15349148e-09,9.329164397e-11,2.009934746e-08
950,3.433670768e-12,3.393408209e-09,2.153491313e-09,9.329898043e-11,1.984870093e-08
951,3.390851705e-12,3.393407838e-09,2.153491148e-09,9.330651482e-11,1.960118007e-08
952,3.34856641e-12,3.393407472e-09,2.153490985e-09,9.331444261e-11,1.935674587e-08
953,3.306808465e-12,3.393407111e-09,2.153490825e-09,9.332207603e-11,1.911535985e-08
954,3.265571322e-12,3.393406754e-09,2.153490666e-09,9.332830042e-11,1.887698403e-08
955,3.224848457e-12,3.393406401e-09,2.153490509e-09,9.333667669e-11,1.864158086e-08
956,3.184633483e-12,3.393406053e-09,2.153490354e-09,9.334394438e-11,1.840911332e-08
957,3.144919748e-12,3.39340571e-09,2.153490201e-09,9.335192629e-11,1.817954465e-08
958,3.105701404e-12,3.39340537e-09,2.15349005e-09,9.335827596e-11,1.795283877e-08
959,3.066972271e-12,3.393405035e-09,2.1534899e-09,9.336653446e-11,1.772896008e-08
960,3.028725927e-12,3.393404704e-09,2.153489753e-09,9.337185303e-11,1.750787321e-08
961,2.990956625e-12,3.393404377e-09,2.153489607e-09,9.33789133e-11,1.728954341e-08
962,2.953658146e-12,3.393404054e-09,2.153489464e-09,9.338844252e-11,1.707393621e-08
963,2.916824902e-12,3.393403736e-09,2.153489322e-09,9.339491173e-11,1.686101769e-08
964,2.880451262e-12,3.393403421e-09,2.153489181e-09,9.340081099e-11,1.665075447e-08
965,2.84453068e-12,3.39340311e-09,2.153489043e-09,9.340716697e-11,1.644311323e-08
966,2.809058367e-12,3.393402803e-09,2.153488906e-09,9.341471803e-11,1.623806137e-08
967,2.774028401e-12,3.3934025e-09,2.153488771e-09,9.342228588e-11,1.603556657e-08
968,2.739435199e-12,3.3934022e-09,2.153488638e-09,9.342751916e-11,1.583559694e-08
969,2.705273354e-12,3.393401905e-09,2.153488506e-09,9.343513819e-11,1.56381211e-08
970,2.671537744e-12,3.393401613e-09,2.153488376e-09,9.34415358e-11,1.544310774e-08
971,2.638222577e-12,3.393401324e-09,2.153488247e-09,9.344886597e-11,1.525052631e-08
972,2.605322947e-12,3.39340104e-09,2.153488121e-09,9.345488263e-11,1.506034647e-08
973,2.572833579e-12,3.393400758e-09,2.153487995e-09,9.346068119e-11,1.48725382e-08
974,2.540749338e-12,3.393400481e-09,2.153487872e-09,9.346807379e-11,1.468707209e-08
975,2.509065444e-12,3.393400207e-09,2.153487749e-09,9.347254754e-11,1.45039187e-08
976,2.477776275e-12,3.393399936e-09,2.153487629e-09,9.348066603e-11,1.432304933e-08
977,2.446877415e-12,3.393399668e-09,2.15348751e-09,9.348740342e-11,1.41444354e-08
978,2.416363984e-12,3.393399404e-09,2.153487392e-09,9.349251028e-11,1.396804894e-08
979,2.386230954e-12,3.393399143e-09,2.153487276e-09,9.350065388e-11,1.379386211e-08
980,2.356473933e-12,3.393398886e-09,2.153487161e-09,9.350449676e-11,1.362184737e-08
981,2.327087693e-12,3.393398632e-09,2.153487048e-09,9.351127636e-11,1.345197775e-08
982,2.29806819e-12,3.39339838e-09,2.153486936e-09,9.351659324e-11,1.32842265e-08
983,2.269410403e-12,3.393398132e-09,2.153486825e-09,9.352275665e-11,1.311856712e-08
984,2.241109834e-12,3.393397888e-09,2.153486716e-09,9.352858367e-11,1.295497365e-08
985,2.213162408e-12,3.393397646e-09,2.153486608e-09,9.353687188e-11,1.279342016e-08
986,2.185563378e-12,3.393397407e-09,2.153486502e-09,9.354033732e-11,1.263388133e-08
987,2.15830869e-12,3.393397171e-09,2.153486396e-09,9.35464399e-11,1.247633205e-08
988,2.131393795e-12,3.393396938e-09,2.153486293e-09,9.355217831e-11,1.232074737e-08
989,2.104814441e-12,3.393396708e-09,2.15348619e-09,9.355735267e-11,1.216710302e-08
990,2.078566716e-12,3.393396481e-09,2.153486089e-09,9.356522563e-11,1.201537461e-08
991,2.052646165e-12,3.393396256e-09,2.153485989e-09,9.356877633e-11,1.186553833e-08
992,2.027048834e-12,3.393396035e-09,2.15348589e-09,9.357653747e-11,1.171757052e-08
993,2.001770733e-12,3.393395816e-09,2.153485792e-09,9.358020453e-11,1.157144791e-08
994,1.976808021e-12,3.3933956e-09,2.153485696e-09,9.358372903e-11,1.142714753e-08
995,1.952156473e-12,3.393395387e-09,2.153485601e-09,9.358980674e-11,1.128464661e-08
996,1.927812353e-12,3.393395176e-09,2.153485507e-09,9.359739119e-11,1.114392278e-08
997,1.903771801e-12,3.393394968e-09,2.153485414e-09,9.360106021e-11,1.100495384e-08
998,1.880031029e-12,3.393394763e-09,2.153485323e-09,9.360607728e-11,1.086771789e-08
999,1.856586347e-12,3.39339456e-09,2.153485232e-09,9.361315863e-11,1.073219325e-08
1000,1.833434071e-12,3.393394359e-09,2.153485143e-09,9.361657971e-11,1.059835872e-08
1001,1.810570342e-12,3.393394161e-09,2.153485054e-09,9.362186802e-11,1.046619302e-08
1002,1.787991861e-12,3.393393966e-09,2.153484967e-09,9.362701139e-11,1.033567568e-08
1003,1.765694895e-12,3.393393773e-09,2.153484881e-09,9.363246614e-11,1.020678583e-08
1004,1.743676073e-12,3.393393582e-09,2.153484796e-09,9.363703028e-11,1.007950329e-08
1005,1.721931716e-12,3.393393394e-09,2.153484712e-09,9.364183533e-11,9.953807972e-09
