iteration,continuity,u_momentum,v_momentum,pressure_correction,max_velocity_correction
1,8.995142214e-06,7.658958582e-09,1e-08,9.016904156e-11,0.272858796
2,8.662453254e-06,1.366392375e-09,2.121752589e-09,9.664826406e-11,0.1514812104
3,6.999957584e-06,1.504743304e-09,2.342372714e-09,8.524022573e-11,0.09630739455
4,5.426446053e-06,1.657283335e-09,2.450848462e-09,9.520746347e-11,0.06592054792
5,4.106765619e-06,1.768562479e-09,2.524331494e-09,9.230822069e-11,0.04744751321
6,3.108459906e-06,1.846094796e-09,2.582022661e-09,7.730556148e-11,0.03780948302
7,2.432274005e-06,1.90560785e-09,2.639453333e-09,7.492824505e-11,0.03344678554
8,1.982456705e-06,1.955285457e-09,2.677725326e-09,8.943624925e-11,0.02961618171
9,1.621848032e-06,1.997157947e-09,2.714294688e-09,8.978835894e-11,0.02631371671
10,1.330327253e-06,2.034022263e-09,2.776131752e-09,8.657510419e-11,0.02347119669
11,1.098189393e-06,2.07157472e-09,2.831317961e-09,7.935796675e-11,0.02102513242
12,9.314925881e-07,2.107354167e-09,2.878898026e-09,8.853886273e-11,0.01892087286
13,7.958846847e-07,2.142574324e-09,2.920528591e-09,9.349612396e-11,0.01710607609
14,6.855505862e-07,2.178178684e-09,2.942600088e-09,9.003880474e-11,0.01553529928
15,5.985974212e-07,2.212196638e-09,2.981055654e-09,9.348273321e-11,0.01420915618
16,5.259938885e-07,2.249780162e-09,3.023820497e-09,8.989777108e-11,0.01343131885
17,4.6588775e-07,2.291066393e-09,3.066235093e-09,7.421659747e-11,0.01269420092
18,4.157354578e-07,2.333232787e-09,3.101994619e-09,7.943971411e-11,0.01199851963
19,3.739433124e-07,2.375804891e-09,3.145796507e-09,7.701464714e-11,0.01134445536
20,3.393085958e-07,2.42004053e-09,3.192013876e-09,7.584485849e-11,0.01073161888
21,3.125527699e-07,2.465863312e-09,3.24131476e-09,7.606335288e-11,0.01015885775
22,2.886369267e-07,2.513161454e-09,3.295042569e-09,8.406020543e-11,0.009624064236
23,2.675938132e-07,2.562908222e-09,3.339391286e-09,7.245563603e-11,0.009124456088
24,2.506711187e-07,2.612189834e-09,3.380576316e-09,7.974517121e-11,0.008656947819
25,2.357459943e-07,2.662021205e-09,3.422817108e-09,8.11129294e-11,0.008218763471
26,2.229821693e-07,2.712276004e-09,3.466209464e-09,8.3734327e-11,0.007807988594
27,2.115251071e-07,2.763131096e-09,3.510276816e-09,8.615959854e-11,0.007423054486
28,2.016001115e-07,2.814643943e-09,3.561412263e-09,8.820546244e-11,0.00706753013
29,1.901008367e-07,2.869221942e-09,3.598711309e-09,8.768535641e-11,0.006733900304
30,1.79112333e-07,2.92267378e-09,3.641135163e-09,8.77183142e-11,0.00648016994
31,1.698388629e-07,2.977151495e-09,3.68609649e-09,8.724873963e-11,0.006247679495
32,1.632252878e-07,3.032527767e-09,3.731923827e-09,8.59462812e-11,0.006022452135
33,1.562806583e-07,3.088306931e-09,3.780663172e-09,8.31058023e-11,0.00580604704
34,1.501575209e-07,3.144115869e-09,3.832571625e-09,8.152789335e-11,0.005597141712
35,1.444048192e-07,3.201090783e-09,3.885732266e-09,7.965667304e-11,0.005396675641
36,1.392446866e-07,3.258653772e-09,3.939137828e-09,7.758629966e-11,0.005205531025
37,1.344810938e-07,3.316588427e-09,3.992239889e-09,7.575972096e-11,0.005021907704
38,1.294133422e-07,3.374865655e-09,4.045328591e-09,7.439129229e-11,0.004845547361
39,1.237855861e-07,3.433597924e-09,4.098008424e-09,7.260288567e-11,0.004676447609
40,1.188488638e-07,3.493340691e-09,4.143677056e-09,7.157950236e-11,0.004513872005
41,1.148547025e-07,3.552310033e-09,4.185617644e-09,9.98592588e-11,0.004357742648
42,1.113694153e-07,3.611009624e-09,4.224936402e-09,9.739471814e-11,0.00420782066
43,1.081339821e-07,3.669649917e-09,4.262041775e-09,9.485836757e-11,0.00406387633
44,1.049731995e-07,3.728133735e-09,4.29610816e-09,9.112050477e-11,0.003925874767
45,1.016893047e-07,3.785749216e-09,4.328999584e-09,8.642699056e-11,0.003792508142
46,9.884981966e-08,3.842719567e-09,4.357992507e-09,9.715242573e-11,0.003664254442
47,9.596873189e-08,3.899303071e-09,4.38053383e-09,8.713948115e-11,0.003554375644
48,9.344187727e-08,3.955072107e-09,4.398523768e-09,9.885584607e-11,0.003454082853
49,9.080436788e-08,4.010497605e-09,4.411641416e-09,8.892130658e-11,0.003356957979
50,8.794006282e-08,4.065346465e-09,4.41620774e-09,8.173029414e-11,0.003263699305
51,8.438868618e-08,4.119700724e-09,4.405344125e-09,8.335843959e-11,0.003174486791
52,8.080384611e-08,4.173021308e-09,4.382024663e-09,8.821375371e-11,0.00308784456
53,7.68654207e-08,4.225765326e-09,4.344950762e-09,9.289501157e-11,0.003003009319
54,7.340307179e-08,4.278216231e-09,4.293330174e-09,9.333471001e-11,0.002920223104
55,7.06653467e-08,4.331252025e-09,4.210786337e-09,8.847170875e-11,0.002839663769
56,6.806847278e-08,4.382656156e-09,4.098319324e-09,8.247079978e-11,0.002762067849
57,6.595952969e-08,4.432610021e-09,3.944543712e-09,9.493468875e-11,0.002686963782
58,6.428939977e-08,4.481578558e-09,3.736127512e-09,9.152242597e-11,0.002613805496
59,6.270097183e-08,4.529710854e-09,3.460731389e-09,9.14227504e-11,0.002542597316
60,6.112586324e-08,4.576770445e-09,3.109250179e-09,9.444280277e-11,0.00247343751
61,5.968796573e-08,4.622665387e-09,2.687741339e-09,8.329169384e-11,0.002406351415
62,5.846680547e-08,4.667357406e-09,2.254337389e-09,8.998530967e-11,0.002341309931
63,5.726212041e-08,4.710798733e-09,2.007922258e-09,9.675329497e-11,0.002278263782
64,5.608725435e-08,4.752934977e-09,2.289739795e-09,7.993106563e-11,0.002217157627
65,5.488253077e-08,4.793692628e-09,3.169898918e-09,8.18149294e-11,0.002162028124
66,5.342575661e-08,4.833027834e-09,4.402390688e-09,8.249211122e-11,0.002113611961
67,5.185866571e-08,4.870897203e-09,5.75340828e-09,8.175705284e-11,0.002067819787
68,5.049562631e-08,4.907187761e-09,7.097752574e-09,8.092115432e-11,0.002023013222
69,4.920164243e-08,4.941376726e-09,8.361599268e-09,7.95457911e-11,0.001979166244
70,4.809632508e-08,4.973847344e-09,9.527084214e-09,8.018190977e-11,0.00193629168
71,4.699972806e-08,5.004665662e-09,1.493625673e-09,8.075877109e-11,0.001894374558
72,4.59555048e-08,5.033796363e-09,1.413415885e-09,8.140451752e-11,0.001853399609
73,4.502784409e-08,5.061206268e-09,1.297240804e-09,8.178130799e-11,0.001813351691
74,4.415145977e-08,5.086865627e-09,1.157527248e-09,8.420548906e-11,0.001774216767
75,4.325645321e-08,5.110750952e-09,1.004776793e-09,8.660407597e-11,0.001735985083
76,4.235114927e-08,5.132835349e-09,8.515028747e-10,8.944208768e-11,0.001698635485
77,4.145696997e-08,5.153098485e-09,7.142845955e-10,9.247737442e-11,0.001662152105
78,4.05466125e-08,5.171524448e-09,6.04964175e-10,9.528917822e-11,0.001626884629
79,3.958562902e-08,5.188112763e-09,5.184256472e-10,9.54126136e-11,0.001591606593
80,3.886304169e-08,5.202861908e-09,4.381610274e-10,9.512304439e-11,0.001556997172
81,3.831523818e-08,5.215787009e-09,3.561819549e-10,9.663125505e-11,0.001523253504
82,3.762417745e-08,5.226903345e-09,2.769300432e-10,7.67689311e-11,0.001489196433
83,3.699913826e-08,5.236184266e-09,2.116564775e-10,8.037766937e-11,0.001455684629
84,3.63432513e-08,5.243751544e-09,1.700863601e-10,8.429384772e-11,0.001423363881
85,3.575709041e-08,5.249572527e-09,9.515652584e-09,8.737691105e-11,0.001392817823
86,3.513287777e-08,5.253646123e-09,8.029201717e-09,9.231110218e-11,0.001366741784
87,3.454624361e-08,5.256072232e-09,7.430904367e-09,9.601463763e-11,0.00134129581
88,3.378798793e-08,5.256857704e-09,7.751018532e-09,9.757652044e-11,0.001316394139
89,3.314895654e-08,5.256130913e-09,8.809280218e-09,7.400659829e-11,0.001292226517
90,3.222780251e-08,5.253869193e-09,4.589318616e-10,7.533168524e-11,0.001268878923
91,3.103568393e-08,5.249983626e-09,5.101990525e-10,7.559427111e-11,0.00124598001
92,2.983238903e-08,5.244625401e-09,5.24876585e-10,7.818167063e-11,0.001223557897
93,2.886400785e-08,5.238075285e-09,5.425560746e-10,8.000848158e-11,0.001201610581
94,2.818741652e-08,5.230273085e-09,5.783998699e-10,8.164917751e-11,0.001180077263
95,2.740378579e-08,5.221231434e-09,6.108244595e-10,8.227628349e-11,0.001158971572
96,2.670565759e-08,5.211445461e-09,9.721877913e-09,8.236500264e-11,0.001138286742
97,2.640167556e-08,5.200032644e-09,8.736273721e-09,8.279174757e-11,0.001118016062
98,2.627176036e-08,5.187329102e-09,7.697677696e-09,8.305164106e-11,0.001098148008
99,2.609986235e-08,5.173485673e-09,6.681299004e-09,8.447373495e-11,0.001078672303
100,2.558913788e-08,5.158590254e-09,5.768900165e-09,8.673859115e-11,0.001059583982
101,2.515617799e-08,5.142787568e-09,5.019994665e-09,8.758265136e-11,0.001040772858
102,2.474768504e-08,5.126179918e-09,4.421590947e-09,8.831308701e-11,0.001022290458
103,2.427297702e-08,5.10877565e-09,3.905589702e-09,8.850979542e-11,0.001004181368
104,2.381324627e-08,5.090765286e-09,3.410168218e-09,8.834500495e-11,0.0009864281768
105,2.342354035e-08,5.072023202e-09,2.913912479e-09,8.892363394e-11,0.0009690339141
106,2.311746354e-08,5.052598809e-09,2.429901111e-09,8.941259865e-11,0.0009519912425
107,2.280770371e-08,5.032552945e-09,1.988011677e-09,8.96257676e-11,0.0009352909017
108,2.250335176e-08,5.011940712e-09,1.621131748e-09,8.967501128e-11,0.0009189245706
109,2.221368753e-08,4.990814486e-09,1.353683502e-09,8.954746322e-11,0.0009028847002
110,2.191432023e-08,4.969224871e-09,1.189531185e-09,8.926187819e-11,0.0008873125215
111,2.158657891e-08,4.947220944e-09,1.110293088e-09,8.888017886e-11,0.0008725131782
112,2.118947761e-08,4.924863616e-09,1.098162595e-09,8.855108672e-11,0.0008579899563
113,2.084183918e-08,4.902225817e-09,1.16295655e-09,8.81414195e-11,0.0008437387923
114,2.051012022e-08,4.879339842e-09,1.334626022e-09,8.755503708e-11,0.00082975527
115,2.019296857e-08,4.856233799e-09,1.622987156e-09,8.68081887e-11,0.0008160341194
116,1.990088018e-08,4.83294394e-09,1.99779746e-09,8.592674286e-11,0.0008025701507
117,1.96167723e-08,4.809507934e-09,2.405119875e-09,8.492721036e-11,0.0007893582645
118,1.928280234e-08,4.785962681e-09,2.788262449e-09,8.378777214e-11,0.0007763930505
119,1.892360252e-08,4.762432823e-09,3.10115899e-09,8.242055552e-11,0.0007637941522
120,1.861660603e-08,4.738933835e-09,3.317499519e-09,8.068547214e-11,0.0007522042031
121,1.83219549e-08,4.715429927e-09,3.435924498e-09,7.842888809e-11,0.0007408019187
122,1.803274101e-08,4.69194055e-09,3.478783892e-09,9.958125653e-11,0.0007295772705
123,1.776825269e-08,4.668514889e-09,3.482913542e-09,9.6929869e-11,0.0007185139345
124,1.75239e-08,4.645176383e-09,3.4851799e-09,9.419881374e-11,0.0007076129627
125,1.729323891e-08,4.621947758e-09,3.50947131e-09,9.106458566e-11,0.0006968765433
126,1.692145189e-08,4.598851026e-09,3.561665717e-09,8.759632986e-11,0.0006862910572
127,1.66735103e-08,4.575926966e-09,3.633322449e-09,8.189766188e-11,0.0006758528251
128,1.645992642e-08,4.553147805e-09,3.710045458e-09,7.825240949e-11,0.0006655748838
129,1.625382406e-08,4.530519047e-09,3.777826911e-09,9.93389826e-11,0.0006554644671
130,1.605483484e-08,4.508085986e-09,3.82622906e-09,9.144199794e-11,0.0006455195963
131,1.585332902e-08,4.485874956e-09,3.849128061e-09,8.284449593e-11,0.0006357375194
132,1.568050549e-08,4.463904282e-09,3.844118719e-09,7.377669861e-11,0.0006261156901
133,1.552018399e-08,4.442188437e-09,3.811549894e-09,9.30405906e-11,0.0006166516027
134,1.534907244e-08,4.420739591e-09,3.753634626e-09,8.516477386e-11,0.0006073427192
135,1.517731407e-08,4.399568216e-09,3.673763011e-09,9.945268012e-11,0.00059818648
136,1.499881521e-08,4.378683367e-09,3.576007203e-09,8.850473029e-11,0.0005891803301
137,1.481522973e-08,4.358092842e-09,3.464765307e-09,9.583765147e-11,0.0005803217409
138,1.462949366e-08,4.337803299e-09,3.344490638e-09,7.262815806e-11,0.0005717303847
139,1.444313403e-08,4.317820342e-09,3.219468e-09,7.765736854e-11,0.0005634387536
140,1.42577654e-08,4.298148606e-09,3.093617571e-09,8.16850252e-11,0.0005552752586
141,1.40734764e-08,4.278791828e-09,2.970324107e-09,8.474104015e-11,0.0005472379499
142,1.385585027e-08,4.259752913e-09,2.852331275e-09,8.764421342e-11,0.0005393215732
143,1.364940622e-08,4.24124947e-09,2.741564788e-09,8.922058062e-11,0.0005315205363
144,1.34530829e-08,4.223101236e-09,2.639206864e-09,9.089763045e-11,0.0005238395375
145,1.326445968e-08,4.205261288e-09,2.545672976e-09,9.157036071e-11,0.0005162779951
146,1.308443954e-08,4.187740966e-09,2.460748958e-09,9.186452134e-11,0.0005088337639
147,1.291374316e-08,4.170543511e-09,2.38371294e-09,9.209116045e-11,0.0005015049043
148,1.275396925e-08,4.153669041e-09,2.313492413e-09,9.235404159e-11,0.0004942897014
149,1.260168243e-08,4.137116314e-09,2.248819592e-09,9.257277432e-11,0.0004871865106
150,1.2448302e-08,4.120883357e-09,2.188327696e-09,9.29194494e-11,0.0004801947054
151,1.238532694e-08,4.105004723e-09,2.130719316e-09,9.322410256e-11,0.0004733113456
152,1.23521854e-08,4.089515513e-09,2.074945799e-09,9.330965614e-11,0.0004665347404
153,1.226410587e-08,4.074341707e-09,2.020013483e-09,9.279302136e-11,0.0004598664055
154,1.209778938e-08,4.05960096e-09,1.965096778e-09,9.198024375e-11,0.0004531905097
155,1.19994462e-08,4.045285002e-09,1.909682514e-09,9.093550842e-11,0.0004463410809
156,1.191825637e-08,4.031276063e-09,1.853445587e-09,8.99639782e-11,0.0004397940247
157,1.183516472e-08,4.017571128e-09,1.796230674e-09,8.90362771e-11,0.0004334330573
158,1.176472037e-08,4.004165959e-09,1.738040537e-09,8.790265344e-11,0.0004272107634
159,1.170795531e-08,3.99105579e-09,1.679014618e-09,8.641123358e-11,0.0004211056854
160,1.162923054e-08,3.978235584e-09,1.619404915e-09,8.463241786e-11,0.000415106867
161,1.153309395e-08,3.965700145e-09,1.559551646e-09,8.262680608e-11,0.0004092079398
162,1.137075128e-08,3.95344417e-09,1.499814267e-09,8.07347794e-11,0.000403562394
163,1.119361087e-08,3.941517321e-09,1.440661669e-09,7.854793238e-11,0.0003976973115
164,1.095277367e-08,3.929892894e-09,1.382502651e-09,7.624137005e-11,0.0003920727849
165,1.080242032e-08,3.918675023e-09,1.325917587e-09,7.31354131e-11,0.00038648262
166,1.067940275e-08,3.907740056e-09,1.271328872e-09,7.078522445e-11,0.0003809699979
167,1.058026001e-08,3.897065678e-09,1.219123795e-09,9.913628644e-11,0.0003755616384
168,1.049013329e-08,3.886643097e-09,1.169633099e-09,9.66911731e-11,0.0003703809867
169,1.039343375e-08,3.87646558e-09,1.123114003e-09,9.341787438e-11,0.0003652865705
170,1.029555046e-08,3.866527072e-09,1.079740578e-09,8.986412347e-11,0.0003602725344
171,1.019305097e-08,3.856821777e-09,1.039610192e-09,8.587184105e-11,0.000355334926
172,1.005494149e-08,3.847362931e-09,1.002725528e-09,9.932078743e-11,0.0003504707525
173,9.90368774e-09,3.838148152e-09,9.690076638e-10,8.612082207e-11,0.0003456788363
174,9.760620059e-09,3.829153645e-09,9.383317553e-10,8.807162187e-11,0.0003409582945
175,9.623665236e-09,3.820371377e-09,9.105283035e-10,7.944371946e-11,0.0003363077015
176,9.496557957e-09,3.811795254e-09,8.854005515e-10,9.251226713e-11,0.0003317257816
177,9.373175913e-09,3.803419849e-09,8.627381186e-10,8.683518849e-11,0.0003272111434
178,9.195035447e-09,3.795254476e-09,9.85891814e-09,9.770327881e-11,0.0003227637651
179,9.066163552e-09,3.787363158e-09,9.566241399e-09,8.459874582e-11,0.0003183894963
180,8.950968188e-09,3.779653562e-09,9.29601263e-09,8.686363573e-11,0.0003140657006
181,8.841777206e-09,3.772123989e-09,9.047467106e-09,8.841119664e-11,0.0003098004118
182,8.743389862e-09,3.764770708e-09,8.819731617e-09,8.965245981e-11,0.0003055981073
183,8.645747615e-09,3.757589352e-09,8.6118368e-09,9.076580644e-11,0.0003014595203
184,8.5361932e-09,3.750575411e-09,8.422775464e-09,9.158232095e-11,0.0002973822843
185,8.41719497e-09,3.743784824e-09,8.251413449e-09,9.212591904e-11,0.000293362776
186,8.314736086e-09,3.737204865e-09,8.096555957e-09,9.313456742e-11,0.0002894015781
187,8.215734148e-09,3.730790631e-09,7.957017804e-09,9.426114524e-11,0.0002854992047
188,8.121825563e-09,3.724529562e-09,7.831608826e-09,9.632571249e-11,0.0002816543285
189,8.031131059e-09,3.718414762e-09,7.719152644e-09,9.728993779e-11,0.0002778656866
190,7.946195289e-09,3.712441452e-09,7.61850467e-09,9.628454729e-11,0.0002741322366
191,7.764780535e-09,3.706605536e-09,7.528652647e-09,8.966635946e-11,0.0002704528145
192,7.642600007e-09,3.701059595e-09,7.448426214e-09,8.849443087e-11,0.000266817589
193,7.527480353e-09,3.69564468e-09,7.376899628e-09,7.34883918e-11,0.0002632340485
194,7.431869575e-09,3.690353811e-09,7.313206809e-09,7.521588372e-11,0.0002597032173
195,7.352418659e-09,3.685186114e-09,7.256560266e-09,7.784845772e-11,0.0002562240398
196,7.294984737e-09,3.680138679e-09,7.206261904e-09,7.964358193e-11,0.0002527953919
197,7.231998188e-09,3.675208104e-09,7.161707024e-09,8.140298392e-11,0.0002494163163
198,7.166700479e-09,3.67039094e-09,7.122384698e-09,8.311912169e-11,0.000246085963
199,7.076453109e-09,3.665674486e-09,7.087879893e-09,8.488474534e-11,0.0002427917131
200,6.977779971e-09,3.661055187e-09,7.057859221e-09,8.721018009e-11,0.0002395349554
201,6.877189651e-09,3.656554291e-09,7.032072943e-09,8.923389739e-11,0.0002363260797
202,6.787053797e-09,3.652169594e-09,7.010351056e-09,9.096836337e-11,0.0002331647451
203,6.716670695e-09,3.647885417e-09,6.992593743e-09,9.251101032e-11,0.0002300500519
204,6.630409602e-09,3.643699054e-09,6.978762684e-09,9.373148057e-11,0.0002269805125
205,6.528728617e-09,3.639639232e-09,6.968883841e-09,9.472421575e-11,0.0002240030378
206,6.452403741e-09,3.635705184e-09,6.963033465e-09,9.597459019e-11,0.0002210867862
207,6.378715875e-09,3.631865222e-09,6.96132234e-09,9.718332317e-11,0.0002182022073
208,6.30819232e-09,3.628113731e-09,6.963894505e-09,9.826909737e-11,0.0002153549209
209,6.241382338e-09,3.62444711e-09,6.970918859e-09,9.923069048e-11,0.0002125477396
210,6.175787703e-09,3.620862498e-09,6.98258118e-09,7.548711823e-11,0.0002097810526
211,6.112620605e-09,3.617357333e-09,6.999076475e-09,7.610245519e-11,0.0002070541939
212,6.047836369e-09,3.613929208e-09,7.020601728e-09,7.651919972e-11,0.0002043661866
213,5.981589961e-09,3.610575817e-09,7.047314588e-09,7.677533607e-11,0.0002017158835
214,5.905011652e-09,3.607310751e-09,7.079404548e-09,7.696328554e-11,0.0001991022679
215,5.825758051e-09,3.604128948e-09,7.117076031e-09,9.974396235e-11,0.0001965247052
216,5.754225019e-09,3.601009813e-09,7.160455283e-09,9.760721869e-11,0.0001939825555
217,5.691717401e-09,3.597954885e-09,7.209656078e-09,9.387410228e-11,0.0001914751303
218,5.63204846e-09,3.594963416e-09,7.264766402e-09,8.782194838e-11,0.0001890018073
219,5.573260286e-09,3.592033937e-09,7.325843576e-09,7.844816232e-11,0.0001865620102
220,5.513088141e-09,3.589164782e-09,7.392912184e-09,8.546914832e-11,0.0001841551931
221,5.452249313e-09,3.58635426e-09,7.465963285e-09,9.117814967e-11,0.0001817808343
222,5.391118316e-09,3.583600706e-09,7.544954487e-09,8.570253965e-11,0.0001794384324
223,5.329802665e-09,3.5809025e-09,7.629810731e-09,9.215085884e-11,0.000177127503
224,5.268560358e-09,3.578258067e-09,7.720425697e-09,8.52009397e-11,0.0001748475767
225,5.207540208e-09,3.575665882e-09,7.816663719e-09,9.973860783e-11,0.0001725981966
226,5.146908402e-09,3.573124465e-09,7.918362127e-09,8.717861417e-11,0.0001703789168
227,5.086710012e-09,3.570632381e-09,8.025333892e-09,9.495607477e-11,0.0001681893013
228,5.02703688e-09,3.568188239e-09,8.137370494e-09,7.984127405e-11,0.0001660289231
229,4.967916665e-09,3.565790691e-09,8.254244902e-09,8.292956522e-11,0.000163897363
230,4.90941596e-09,3.563438429e-09,8.375714587e-09,8.529254027e-11,0.0001617942095
231,4.851514106e-09,3.561130189e-09,8.501524498e-09,8.716648612e-11,0.0001597190579
232,4.79422154e-09,3.558864741e-09,8.631409933e-09,8.869911574e-11,0.0001576715102
233,4.737545513e-09,3.556640898e-09,8.765099263e-09,8.998583511e-11,0.0001556511749
234,4.681490233e-09,3.554457506e-09,8.902316466e-09,9.1090165e-11,0.0001536576662
235,4.626057557e-09,3.552313451e-09,9.042783453e-09,9.205559666e-11,0.0001516906047
236,4.547678371e-09,3.550207651e-09,9.185799171e-09,9.385940557e-11,0.0001497494653
237,4.4393913e-09,3.548152977e-09,9.330877743e-09,9.528897776e-11,0.0001478336058
238,4.328865334e-09,3.546161382e-09,9.478330524e-09,9.579220903e-11,0.0001459427566
239,4.239465589e-09,3.544212292e-09,9.627886257e-09,9.63433638e-11,0.000144076961
240,4.180987348e-09,3.542300031e-09,9.779291524e-09,9.678516987e-11,0.0001422358762
241,4.126051994e-09,3.540421944e-09,9.93229856e-09,9.724987417e-11,0.0001404191502
242,4.077939412e-09,3.538576498e-09,9.277188011e-10,9.778578396e-11,0.0001386257914
243,4.036133966e-09,3.536762436e-09,9.405380997e-10,9.8246448e-11,0.0001368567185
244,3.992726562e-09,3.534978981e-09,9.535855894e-10,9.868441354e-11,0.000135110975
245,3.948379307e-09,3.533225212e-09,9.668592584e-10,9.910027952e-11,0.0001333882204
246,3.90356589e-09,3.531500293e-09,9.803568688e-10,9.950534747e-11,0.0001316881289
247,3.858609139e-09,3.529803443e-09,9.940757272e-10,9.990044826e-11,0.0001300103796
248,3.813727104e-09,3.528133913e-09,1.008012485e-09,8.08747822e-11,0.0001283546574
249,3.768536198e-09,3.526490636e-09,1.022162685e-09,8.113661725e-11,0.0001267206787
250,3.71781873e-09,3.524867605e-09,1.036515919e-09,8.141431253e-11,0.0001251085974
251,3.671002267e-09,3.523270089e-09,1.051071312e-09,8.165861513e-11,0.0001235174836
252,3.627345771e-09,3.521697069e-09,1.065821566e-09,8.187648589e-11,0.0001219471764
253,3.585100719e-09,3.520147927e-09,1.080758276e-09,8.208034185e-11,0.0001203974019
254,3.54419651e-09,3.518622074e-09,1.095871932e-09,8.227649924e-11,0.0001188678491
255,3.504329311e-09,3.517118943e-09,1.11115195e-09,8.246703109e-11,0.0001173582076
256,3.464319152e-09,3.515637983e-09,1.126586729e-09,8.265239726e-11,0.0001158681779
257,3.412227089e-09,3.514178663e-09,1.142167739e-09,8.276625725e-11,0.0001143966786
258,3.368172355e-09,3.512786988e-09,1.157877878e-09,8.295342634e-11,0.0001129311491
259,3.327046853e-09,3.511414299e-09,1.173702774e-09,8.331656189e-11,0.0001114829479
260,3.282424573e-09,3.510059486e-09,1.189629904e-09,8.363353267e-11,0.0001100562612
261,3.224334301e-09,3.508727971e-09,1.205652296e-09,8.389709078e-11,0.0001086510451
262,3.171993716e-09,3.507439073e-09,1.221744484e-09,8.402555855e-11,0.0001072664028
263,3.139419098e-09,3.506145175e-09,1.23789305e-09,8.379152096e-11,0.0001059015772
264,3.114520465e-09,3.50486121e-09,1.254080941e-09,8.324775711e-11,0.0001045558089
265,3.087274379e-09,3.503592021e-09,1.27029115e-09,8.389057819e-11,0.0001032284794
266,3.05875656e-09,3.502339018e-09,1.286507062e-09,8.436954329e-11,0.0001019190794
267,3.027873618e-09,3.501102462e-09,1.302712423e-09,8.458829313e-11,0.0001006271776
268,2.995451748e-09,3.499882234e-09,1.318891353e-09,8.479333611e-11,9.935239869e-05
269,2.963401101e-09,3.498678087e-09,1.335028401e-09,8.497251571e-11,9.809440815e-05
270,2.930631049e-09,3.497489736e-09,1.351108602e-09,8.512774101e-11,9.685290184e-05
271,2.897337471e-09,3.496316879e-09,1.367117536e-09,8.526801139e-11,9.562858817e-05
272,2.863870907e-09,3.495159212e-09,1.383041374e-09,8.539770375e-11,9.44293259e-05
273,2.830373345e-09,3.494016432e-09,1.398866915e-09,8.551979386e-11,9.324527474e-05
274,2.796988352e-09,3.492888238e-09,1.414581615e-09,8.563577067e-11,9.207622572e-05
275,2.763805288e-09,3.491774334e-09,1.430173607e-09,8.574667212e-11,9.092197665e-05
276,2.730883036e-09,3.490674426e-09,1.445631718e-09,8.585321667e-11,8.978233084e-05
277,2.698261257e-09,3.489588229e-09,1.460945475e-09,8.595594829e-11,8.865709624e-05
278,2.665964923e-09,3.488515463e-09,1.476105111e-09,8.60552606e-11,8.754608475e-05
279,2.634009209e-09,3.487455853e-09,1.491101561e-09,8.615149853e-11,8.64491118e-05
280,2.602402765e-09,3.486409131e-09,1.505926452e-09,8.624489817e-11,8.536599598e-05
281,2.571149921e-09,3.485375037e-09,1.5205721e-09,8.633569595e-11,8.42965588e-05
282,2.54026534e-09,3.484353317e-09,1.53503149e-09,8.64240568e-11,8.324062449e-05
283,2.509739571e-09,3.483343722e-09,1.549298261e-09,8.651013177e-11,8.219801982e-05
284,2.479573047e-09,3.482346012e-09,1.56336669e-09,8.659404005e-11,8.116857401e-05
285,2.449756197e-09,3.481359951e-09,1.577231666e-09,8.667587415e-11,8.015211866e-05
286,2.420286107e-09,3.480385312e-09,1.590888672e-09,8.675574116e-11,7.918144691e-05
287,2.379187991e-09,3.479421873e-09,1.604320591e-09,8.691784812e-11,7.825122007e-05
288,2.339031321e-09,3.478485397e-09,1.617532443e-09,8.624549863e-11,7.733111155e-05
289,2.3014327e-09,3.4775746e-09,1.630528157e-09,8.355918172e-11,7.642100482e-05
290,2.269024967e-09,3.476677935e-09,1.643302803e-09,8.548637341e-11,7.552083828e-05
291,2.244656164e-09,3.475792859e-09,1.655853841e-09,8.561509158e-11,7.46305219e-05
292,2.226241912e-09,3.474918394e-09,1.668179749e-09,8.587877432e-11,7.374996679e-05
293,2.206131197e-09,3.474054073e-09,1.680279589e-09,8.61251977e-11,7.287908441e-05
294,2.184313984e-09,3.473199607e-09,1.692152855e-09,8.554838179e-11,7.201778655e-05
295,2.161401247e-09,3.472354773e-09,1.70379941e-09,8.640173426e-11,7.116598531e-05
296,2.138957159e-09,3.471519373e-09,1.715219453e-09,8.653096564e-11,7.032359312e-05
297,2.116033026e-09,3.470693223e-09,1.726413489e-09,8.663119557e-11,6.949052277e-05
298,2.092533138e-09,3.469876148e-09,1.737382308e-09,8.671621295e-11,6.866668744e-05
299,2.068712668e-09,3.46906798e-09,1.748126966e-09,8.679159337e-11,6.785200067e-05
300,2.044750805e-09,3.468268557e-09,1.758648764e-09,8.686045094e-11,6.704637639e-05
301,2.020772898e-09,3.467477724e-09,1.768949227e-09,8.692471838e-11,6.624972895e-05
302,1.995207257e-09,3.46669533e-09,1.779028941e-09,8.696744591e-11,6.546193994e-05
303,1.96170731e-09,3.465928575e-09,1.788885909e-09,8.675509077e-11,6.468281124e-05
304,1.924178527e-09,3.465195955e-09,1.798527057e-09,8.692878877e-11,6.391240981e-05
305,1.889770413e-09,3.464468401e-09,1.80795492e-09,8.704431007e-11,6.315066668e-05
306,1.859690056e-09,3.463747636e-09,1.817171963e-09,8.710358475e-11,6.239747779e-05
307,1.831961074e-09,3.463034123e-09,1.826180748e-09,8.711097115e-11,6.165275768e-05
308,1.806725328e-09,3.462327925e-09,1.834983942e-09,8.710605156e-11,6.091642428e-05
309,1.78294183e-09,3.461628979e-09,1.843584312e-09,8.710399023e-11,6.018839639e-05
310,1.76069414e-09,3.460937186e-09,1.851984714e-09,8.710869171e-11,5.946859329e-05
311,1.739199535e-09,3.46025244e-09,1.860188084e-09,8.712020206e-11,5.875693459e-05
312,1.718078877e-09,3.459574634e-09,1.868197429e-09,8.713741252e-11,5.80533403e-05
313,1.697185313e-09,3.458903662e-09,1.876015816e-09,8.715897909e-11,5.735773085e-05
314,1.676556732e-09,3.458239424e-09,1.883646364e-09,8.718369927e-11,5.66700271e-05
315,1.656247586e-09,3.457581821e-09,1.891092236e-09,8.721059361e-11,5.599015036e-05
316,1.636149173e-09,3.456930758e-09,1.89835663e-09,8.723890415e-11,5.531802242e-05
317,1.616269656e-09,3.45628614e-09,1.905442771e-09,8.726805958e-11,5.465356556e-05
318,1.596612111e-09,3.455647878e-09,1.912353904e-09,8.729762661e-11,5.399670252e-05
319,1.577178891e-09,3.455015883e-09,1.919093291e-09,8.73273132e-11,5.334735654e-05
320,1.55797057e-09,3.45439007e-09,1.925664197e-09,8.73568845e-11,5.270545136e-05
321,1.538986597e-09,3.453770356e-09,1.932069893e-09,8.738619032e-11,5.207091121e-05
322,1.520225714e-09,3.453156659e-09,1.938313642e-09,8.74151226e-11,5.144366085e-05
323,1.501686232e-09,3.452548901e-09,1.944398703e-09,8.74435988e-11,5.082362553e-05
324,1.4833662e-09,3.451947005e-09,1.950328319e-09,8.747158526e-11,5.021073104e-05
325,1.465263511e-09,3.451350897e-09,1.956105716e-09,8.749904097e-11,4.960490367e-05
326,1.44737597e-09,3.450760504e-09,1.961734102e-09,8.752594905e-11,4.900607026e-05
327,1.429701334e-09,3.450175757e-09,1.967216656e-09,8.755229691e-11,4.841415818e-05
328,1.412237334e-09,3.449596585e-09,1.972556535e-09,8.757807938e-11,4.782909533e-05
329,1.394981695e-09,3.449022924e-09,1.977756861e-09,8.760330179e-11,4.725081015e-05
330,1.37793214e-09,3.448454707e-09,1.982820727e-09,8.762795555e-11,4.667923163e-05
331,1.361086399e-09,3.447891872e-09,1.987751188e-09,8.765204433e-11,4.61142893e-05
332,1.34444221e-09,3.447334356e-09,1.992551265e-09,8.767556714e-11,4.555591326e-05
333,1.327997321e-09,3.4467821e-09,1.997223938e-09,8.769852518e-11,4.500403412e-05
334,1.311749496e-09,3.446235044e-09,2.001772148e-09,8.772091291e-11,4.445858307e-05
335,1.29569651e-09,3.445693132e-09,2.006198793e-09,8.774272365e-11,4.391949187e-05
336,1.279836154e-09,3.445156308e-09,2.010506728e-09,8.776395625e-11,4.338669279e-05
337,1.264166278e-09,3.444624516e-09,2.014698765e-09,8.778461102e-11,4.286011869e-05
338,1.248685064e-09,3.444097704e-09,2.018777672e-09,8.780466528e-11,4.233970297e-05
339,1.233389936e-09,3.44357582e-09,2.022746167e-09,8.782411459e-11,4.182537961e-05
340,1.218278755e-09,3.443058811e-09,2.026606927e-09,8.784295536e-11,4.13170831e-05
341,1.203349399e-09,3.442546629e-09,2.030362578e-09,8.786116875e-11,4.081474854e-05
342,1.188599768e-09,3.442039225e-09,2.034015701e-09,8.787874061e-11,4.031831154e-05
343,1.174027778e-09,3.44153655e-09,2.037568828e-09,8.78956657e-11,3.98277083e-05
344,1.159631369e-09,3.441038558e-09,2.041024445e-09,8.791191951e-11,3.934287554e-05
345,1.145408497e-09,3.440545203e-09,2.044384989e-09,8.792749373e-11,3.886375056e-05
346,1.131357142e-09,3.44005644e-09,2.04765285e-09,8.794236769e-11,3.83902712e-05
347,1.117475302e-09,3.439572225e-09,2.050830368e-09,8.795652144e-11,3.792237584e-05
348,1.103760997e-09,3.439092514e-09,2.053919839e-09,8.796993856e-11,3.746000344e-05
349,1.090212268e-09,3.438617265e-09,2.056923509e-09,8.798259994e-11,3.700309347e-05
350,1.076827176e-09,3.438146437e-09,2.059843578e-09,8.799448043e-11,3.655158597e-05
351,1.063603803e-09,3.437679988e-09,2.062682198e-09,8.80055675e-11,3.610542151e-05
352,1.050540253e-09,3.437217879e-09,2.065441476e-09,8.801583243e-11,3.566454121e-05
353,1.037634648e-09,3.436760069e-09,2.068123473e-09,8.802524523e-11,3.522888672e-05
354,1.024885134e-09,3.43630652e-09,2.070730203e-09,8.803379109e-11,3.479840024e-05
355,1.012289875e-09,3.435857194e-09,2.073263635e-09,8.804143704e-11,3.43730245e-05
356,9.998470555e-10,3.435412053e-09,2.075725696e-09,8.804815175e-11,3.395270276e-05
357,9.875548818e-10,3.434971061e-09,2.078118266e-09,8.805391497e-11,3.353737881e-05
358,9.754115791e-10,3.43453418e-09,2.080443184e-09,8.805868387e-11,3.312699697e-05
359,9.634153925e-10,3.434101376e-09,2.082702244e-09,8.806243042e-11,3.272150208e-05
360,9.515645873e-10,3.433672612e-09,2.084897199e-09,8.806511873e-11,3.232083951e-05
361,9.39857448e-10,3.433247855e-09,2.087029761e-09,8.806670113e-11,3.192495516e-05
362,9.282922785e-10,3.432827069e-09,2.089101601e-09,8.806714666e-11,3.153379542e-05
363,9.168674021e-10,3.432410222e-09,2.091114347e-09,8.806641117e-11,3.114730722e-05
364,9.055811609e-10,3.431997279e-09,2.093069592e-09,8.806444932e-11,3.076543799e-05
365,8.944319159e-10,3.431588208e-09,2.094968888e-09,8.806120176e-11,3.038813567e-05
366,8.834180466e-10,3.431182977e-09,2.096813747e-09,8.805662273e-11,3.001534871e-05
367,8.725379509e-10,3.430781553e-09,2.098605648e-09,8.80506567e-11,2.964702606e-05
368,8.617900451e-10,3.430383905e-09,2.100346029e-09,8.8043248e-11,2.928311718e-05
369,8.511727632e-10,3.429990001e-09,2.102036294e-09,8.803431391e-11,2.892357202e-05
370,8.406845574e-10,3.429599812e-09,2.103677811e-09,8.802381245e-11,2.856834102e-05
371,8.303238973e-10,3.429213306e-09,2.105271916e-09,8.801164719e-11,2.821737511e-05
372,8.200892699e-10,3.428830453e-09,2.106819906e-09,8.799774558e-11,2.787062573e-05
373,8.099791795e-10,3.428451223e-09,2.10832305e-09,8.798203188e-11,2.752804478e-05
374,7.999921476e-10,3.428075587e-09,2.109782582e-09,8.796440982e-11,2.718958466e-05
375,7.901267124e-10,3.427703516e-09,2.111199703e-09,8.794478005e-11,2.685519823e-05
376,7.803814288e-10,3.427334981e-09,2.112575586e-09,8.792304534e-11,2.652483884e-05
377,7.707548683e-10,3.426969953e-09,2.113911372e-09,8.789908885e-11,2.619846032e-05
378,7.612456186e-10,3.426608404e-09,2.115208171e-09,8.787279723e-11,2.587601695e-05
379,7.518522836e-10,3.426250306e-09,2.116467066e-09,8.784403046e-11,2.555746349e-05
380,7.425296422e-10,3.425895724e-09,2.117689108e-09,8.781386932e-11,2.524275511e-05
381,7.332432896e-10,3.425545215e-09,2.118875309e-09,8.778985352e-11,2.493184725e-05
382,7.241451563e-10,3.425198064e-09,2.120026685e-09,8.776303632e-11,2.462469633e-05
383,7.15173844e-10,3.424854243e-09,2.121144208e-09,8.773095446e-11,2.432125889e-05
384,7.063263297e-10,3.424513725e-09,2.122228824e-09,8.769346037e-11,2.402149197e-05
385,6.976140767e-10,3.424176485e-09,2.123281456e-09,8.765080247e-11,2.372535303e-05
386,6.890270016e-10,3.423842496e-09,2.124302999e-09,8.760319546e-11,2.343279999e-05
387,6.805879711e-10,3.423511732e-09,2.125294326e-09,8.75507449e-11,2.314379123e-05
388,6.722437055e-10,3.423184168e-09,2.126256286e-09,8.749344718e-11,2.285828552e-05
389,6.639869207e-10,3.422859777e-09,2.127189706e-09,8.743121704e-11,2.257624211e-05
390,6.558176356e-10,3.422538535e-09,2.12809539e-09,8.736390722e-11,2.229762065e-05
391,6.477376809e-10,3.422220416e-09,2.128974119e-09,8.729129938e-11,2.202238123e-05
392,6.397490372e-10,3.421905395e-09,2.129826655e-09,8.721314994e-11,2.175048436e-05
393,6.318527834e-10,3.421593447e-09,2.130653737e-09,8.712914721e-11,2.148189097e-05
394,6.240493498e-10,3.421284548e-09,2.131456087e-09,8.703895177e-11,2.12165624e-05
395,6.163387356e-10,3.420978674e-09,2.132234405e-09,8.694217797e-11,2.095446042e-05
396,6.087206197e-10,3.420675799e-09,2.132989371e-09,8.683839216e-11,2.069554719e-05
397,6.011944556e-10,3.4203759e-09,2.133721649e-09,8.672713e-11,2.043978529e-05
398,5.937595391e-10,3.420078953e-09,2.134431883e-09,8.660787876e-11,2.01871377e-05
399,5.864150577e-10,3.419784935e-09,2.1351207e-09,8.648008052e-11,1.993756781e-05
400,5.791601252e-10,3.41949382e-09,2.13578871e-09,8.634313096e-11,1.969103938e-05
401,5.719938064e-10,3.419205587e-09,2.136436504e-09,8.619637594e-11,1.944751661e-05
402,5.649151353e-10,3.418920211e-09,2.13706466e-09,8.603909752e-11,1.920696403e-05
403,5.579231273e-10,3.41863767e-09,2.137673738e-09,8.587050879e-11,1.896934662e-05
404,5.510167882e-10,3.418357939e-09,2.138264282e-09,8.568979298e-11,1.873462968e-05
405,5.441951204e-10,3.418080998e-09,2.138836824e-09,8.549602613e-11,1.850277895e-05
406,5.374571276e-10,3.417806822e-09,2.139391877e-09,8.528822503e-11,1.827376051e-05
407,5.308018176e-10,3.417535389e-09,2.139929943e-09,8.506530764e-11,1.804754081e-05
408,5.242282046e-10,3.417266676e-09,2.140451509e-09,8.482612066e-11,1.782408669e-05
409,5.177353107e-10,3.417000662e-09,2.140957047e-09,8.456940095e-11,1.760336534e-05
410,5.113221668e-10,3.416737323e-09,2.141447019e-09,8.42937784e-11,1.738534433e-05
411,5.049878134e-10,3.416476639e-09,2.141921871e-09,8.399777127e-11,1.716999157e-05
412,4.987313008e-10,3.416218586e-09,2.142382038e-09,8.367976028e-11,1.695727533e-05
413,4.925516899e-10,3.415963144e-09,2.142827944e-09,8.333799838e-11,1.674716424e-05
414,4.864480518e-10,3.415710289e-09,2.143259998e-09,8.297058556e-11,1.653962728e-05
415,4.804194681e-10,3.415460002e-09,2.143678601e-09,8.257547085e-11,1.633463376e-05
416,4.744650308e-10,3.415212259e-09,2.14408414e-09,8.215042163e-11,1.613215334e-05
417,4.685838426e-10,3.414967041e-09,2.144476992e-09,8.169302157e-11,1.593215604e-05
418,4.627750166e-10,3.414724325e-09,2.144857525e-09,8.120066077e-11,1.573461218e-05
419,4.570376761e-10,3.41448409e-09,2.145226095e-09,8.067051456e-11,1.553949244e-05
420,4.513709546e-10,3.414246316e-09,2.145583049e-09,9.910552422e-11,1.534676781e-05
421,4.457739959e-10,3.414010982e-09,2.145928722e-09,9.804599847e-11,1.515640962e-05
422,4.40245954e-10,3.413778067e-09,2.146263442e-09,9.691430935e-11,1.496838951e-05
423,4.347859925e-10,3.41354755e-09,2.146587527e-09,9.570607794e-11,1.478267946e-05
424,4.293932852e-10,3.413319411e-09,2.146901287e-09,9.441683585e-11,1.459925175e-05
425,4.240670155e-10,3.413093629e-09,2.147205021e-09,9.304208894e-11,1.441807898e-05
426,4.188063763e-10,3.412870184e-09,2.147499021e-09,9.157734602e-11,1.423913406e-05
427,4.136105702e-10,3.412649055e-09,2.147783571e-09,9.001822265e-11,1.40623902e-05
428,4.084788093e-10,3.412430224e-09,2.148058946e-09,8.836049871e-11,1.388782093e-05
429,4.034103148e-10,3.41221367e-09,2.148325415e-09,8.660024586e-11,1.371540006e-05
430,3.984043173e-10,3.411999372e-09,2.148583237e-09,9.801610731e-11,1.354510173e-05
431,3.934600563e-10,3.411787312e-09,2.148832666e-09,9.533821194e-11,1.337690035e-05
432,3.885767804e-10,3.411577469e-09,2.149073946e-09,9.255481693e-11,1.321077062e-05
433,3.837537472e-10,3.411369825e-09,2.149307318e-09,8.96703764e-11,1.304668756e-05
434,3.789902231e-10,3.411164359e-09,2.149533012e-09,8.669097369e-11,1.288462644e-05
435,3.74285483e-10,3.410961053e-09,2.149751254e-09,8.362444764e-11,1.272456283e-05
436,3.696388106e-10,3.410759887e-09,2.149962264e-09,9.716956336e-11,1.25664726e-05
437,3.650494981e-10,3.410560842e-09,2.150166254e-09,9.98279192e-11,1.241033187e-05
438,3.605168459e-10,3.4103639e-09,2.150363432e-09,9.57856172e-11,1.225611704e-05
439,3.560401629e-10,3.410169042e-09,2.150553997e-09,9.183949176e-11,1.21038048e-05
440,3.516187663e-10,3.409976248e-09,2.150738145e-09,8.800651257e-11,1.195337209e-05
441,3.472519812e-10,3.4097855e-09,2.150916066e-09,8.43029237e-11,1.180479613e-05
442,3.429391409e-10,3.40959678e-09,2.151087943e-09,8.074401364e-11,1.16580544e-05
443,3.386795865e-10,3.40941007e-09,2.151253958e-09,7.734389339e-11,1.151312464e-05
444,3.344726672e-10,3.40922535e-09,2.151414282e-09,9.716927305e-11,1.136998485e-05
445,3.303177397e-10,3.409042604e-09,2.151569085e-09,9.410011724e-11,1.122861329e-05
446,3.262141686e-10,3.408861812e-09,2.151718531e-09,9.124969214e-11,1.108898847e-05
447,3.221613258e-10,3.408682958e-09,2.151862781e-09,8.862074234e-11,1.095108915e-05
448,3.181585911e-10,3.408506022e-09,2.152001988e-09,8.621437728e-11,1.081489434e-05
449,3.142053512e-10,3.408330989e-09,2.152136303e-09,8.403012396e-11,1.06803833e-05
450,3.103010007e-10,3.408157839e-09,2.152265873e-09,8.206599491e-11,1.054753552e-05
451,3.064449411e-10,3.407986555e-09,2.15239084e-09,8.031860475e-11,1.041633075e-05
452,3.026365811e-10,3.407817121e-09,2.152511342e-09,7.878327769e-11,1.028674895e-05
453,2.988753366e-10,3.407649518e-09,2.152627512e-09,7.745417119e-11,1.015877035e-05
454,2.951606304e-10,3.40748373e-09,2.152739482e-09,7.632442229e-11,1.003237538e-05
455,2.914918921e-10,3.40731974e-09,2.152847377e-09,7.538628099e-11,9.907544722e-06
456,2.878685586e-10,3.40715753e-09,2.152951321e-09,7.463127008e-11,9.784259279e-06
457,2.84290073e-10,3.406997084e-09,2.153051433e-09,7.405031329e-11,9.66250018e-06
458,2.807558855e-10,3.406838386e-09,2.153147829e-09,7.363389502e-11,9.542248774e-06
459,2.772654657e-10,3.406681418e-09,2.153240622e-09,7.337218183e-11,9.423486634e-06
460,2.738182817e-10,3.406526164e-09,2.153329921e-09,7.325515561e-11,9.306195549e-06
461,2.704137841e-10,3.406372608e-09,2.153415832e-09,7.327273691e-11,9.190357526e-06
462,2.670514491e-10,3.406220734e-09,2.15349846e-09,7.341487745e-11,9.075954783e-06
463,2.637307588e-10,3.406070525e-09,2.153577904e-09,7.367166534e-11,8.96296975e-06
464,2.60451202e-10,3.405921966e-09,2.153654261e-09,7.403339365e-11,8.851385066e-06
465,2.572122734e-10,3.40577504e-09,2.153727627e-09,7.449063002e-11,8.741183576e-06
466,2.54013474e-10,3.405629732e-09,2.153798092e-09,7.503427846e-11,8.63234833e-06
467,2.508543105e-10,3.405486026e-09,2.153865748e-09,7.565561648e-11,8.524862578e-06
468,2.47734296e-10,3.405343906e-09,2.15393068e-09,7.634631541e-11,8.418709771e-06
469,2.44652949e-10,3.405203358e-09,2.153992972e-09,7.709848839e-11,8.313873558e-06
470,2.416097942e-10,3.405064365e-09,2.154052706e-09,7.790467412e-11,8.210337783e-06
471,2.386043618e-10,3.404926913e-09,2.154109962e-09,7.875787381e-11,8.108086481e-06
472,2.356361878e-10,3.404790985e-09,2.154164818e-09,7.965151786e-11,8.00710388e-06
473,2.327048139e-10,3.404656569e-09,2.154217347e-09,8.05794976e-11,7.907374396e-06
474,2.29809787e-10,3.404523647e-09,2.154267622e-09,8.153612441e-11,7.808882632e-06
475,2.269506599e-10,3.404392206e-09,2.154315715e-09,8.25161314e-11,7.711613375e-06
476,2.241269906e-10,3.404262231e-09,2.154361695e-09,8.351466748e-11,7.615551596e-06
477,2.213383424e-10,3.404133708e-09,2.154405627e-09,8.452726005e-11,7.520682444e-06
478,2.185842842e-10,3.404006621e-09,2.154447576e-09,8.554981467e-11,7.426991247e-06
479,2.158643897e-10,3.403880957e-09,2.154487605e-09,8.657858226e-11,7.334463511e-06
480,2.131782381e-10,3.403756701e-09,2.154525776e-09,8.761016127e-11,7.243084914e-06
481,2.105254136e-10,3.403633839e-09,2.154562148e-09,8.864143625e-11,7.152841309e-06
482,2.079055055e-10,3.403512357e-09,2.154596778e-09,8.966961556e-11,7.063718717e-06
483,2.053181078e-10,3.403392242e-09,2.154629721e-09,9.069216409e-11,6.975703329e-06
484,2.0276282e-10,3.403273479e-09,2.154661034e-09,9.170681189e-11,6.888781502e-06
485,2.002392459e-10,3.403156054e-09,2.154690767e-09,9.271151686e-11,6.802939757e-06
486,1.977469945e-10,3.403039955e-09,2.154718972e-09,9.370446699e-11,6.718164778e-06
487,1.952856793e-10,3.402925167e-09,2.1547457e-09,9.468404945e-11,6.634443411e-06
488,1.928549186e-10,3.402811678e-09,2.154770997e-09,9.564884732e-11,6.55176266e-06
489,1.904543355e-10,3.402699473e-09,2.154794911e-09,9.659760498e-11,6.470109686e-06
490,1.880835575e-10,3.40258854e-09,2.154817488e-09,9.752924256e-11,6.389471806e-06
491,1.857422167e-10,3.402478866e-09,2.154838771e-09,9.844280497e-11,6.30983649e-06
492,1.834299497e-10,3.402370438e-09,2.154858804e-09,9.933748898e-11,6.231191362e-06
493,1.811463974e-10,3.402263243e-09,2.154877628e-09,7.714871412e-11,6.153524192e-06
494,1.788912052e-10,3.402157267e-09,2.154895282e-09,7.798797928e-11,6.076822901e-06
495,1.76664023e-10,3.4020525e-09,2.154911808e-09,7.880523668e-11,6.001075558e-06
496,1.744645045e-10,3.401948927e-09,2.154927241e-09,7.960024802e-11,5.926270373e-06
497,1.722923082e-10,3.401846538e-09,2.154941621e-09,8.037288228e-11,5.852395702e-06
498,1.701470963e-10,3.401745318e-09,2.154954981e-09,8.112305226e-11,5.779440042e-06
499,1.680285354e-10,3.401645257e-09,2.154967358e-09,8.185076985e-11,5.707392029e-06
500,1.65936296e-10,3.401546341e-09,2.154978784e-09,8.255607457e-11,5.63624044e-06
501,1.638700528e-10,3.40144856e-09,2.154989293e-09,8.323905706e-11,5.565974184e-06
502,1.618294842e-10,3.4013519e-09,2.154998916e-09,8.389986955e-11,5.49658231e-06
503,1.59814273e-10,3.401256351e-09,2.155007684e-09,8.453869074e-11,5.428053997e-06
504,1.578241054e-10,3.4011619e-09,2.155015627e-09,8.515573005e-11,5.360378557e-06
505,1.558586717e-10,3.401068537e-09,2.155022774e-09,8.575123593e-11,5.293545433e-06
506,1.53917666e-10,3.400976248e-09,2.155029154e-09,8.632547239e-11,5.227544196e-06
507,1.520007859e-10,3.400885024e-09,2.155034793e-09,8.687873015e-11,5.162364545e-06
508,1.50107733e-10,3.400794853e-09,2.155039719e-09,8.741133127e-11,5.097996303e-06
509,1.482382124e-10,3.400705723e-09,2.155043956e-09,8.792358917e-11,5.034429421e-06
510,1.46391933e-10,3.400617624e-09,2.15504753e-09,8.841584167e-11,4.971653968e-06
511,1.445686068e-10,3.400530544e-09,2.155050465e-09,8.888844864e-11,4.909660139e-06
512,1.427679499e-10,3.400444472e-09,2.155052785e-09,8.934174987e-11,4.848438245e-06
513,1.409896816e-10,3.400359399e-09,2.155054512e-09,8.977613613e-11,4.787978719e-06
514,1.392335246e-10,3.400275312e-09,2.155055669e-09,9.019195352e-11,4.72827211e-06
515,1.374992051e-10,3.400192202e-09,2.155056276e-09,9.058959429e-11,4.669309081e-06
516,1.357864526e-10,3.400110058e-09,2.155056355e-09,9.096942439e-11,4.611080411e-06
517,1.34095e-10,3.400028869e-09,2.155055926e-09,9.133181947e-11,4.553576992e-06
518,1.324245834e-10,3.399948625e-09,2.155055008e-09,9.167717944e-11,4.496789828e-06
519,1.307749423e-10,3.399869317e-09,2.15505362e-09,9.200585777e-11,4.440710032e-06
520,1.291458191e-10,3.399790933e-09,2.155051781e-09,9.231825366e-11,4.385328828e-06
521,1.275369596e-10,3.399713463e-09,2.155049508e-09,9.261471669e-11,4.330637544e-06
522,1.259481126e-10,3.399636899e-09,2.155046819e-09,9.289563877e-11,4.27662762e-06
523,1.243790302e-10,3.399561229e-09,2.155043731e-09,9.316138992e-11,4.223290597e-06
524,1.228294673e-10,3.399486445e-09,2.155040259e-09,9.341231866e-11,4.17061812e-06
525,1.21299182e-10,3.399412536e-09,2.15503642e-09,9.364881163e-11,4.11860194e-06
526,1.197879352e-10,3.399339493e-09,2.155032228e-09,9.387120934e-11,4.067233905e-06
527,1.182954908e-10,3.399267307e-09,2.155027699e-09,9.407985889e-11,4.016505967e-06
528,1.168216157e-10,3.399195967e-09,2.155022846e-09,9.427513013e-11,3.966410174e-06
529,1.153660797e-10,3.399125466e-09,2.155017684e-09,9.445735041e-11,3.916938675e-06
530,1.139286551e-10,3.399055792e-09,2.155012227e-09,9.462685895e-11,3.868083713e-06
531,1.125091175e-10,3.398986938e-09,2.155006486e-09,9.478399924e-11,3.819837628e-06
532,1.111072447e-10,3.398918895e-09,2.155000474e-09,9.492908493e-11,3.772192853e-06
533,1.097228179e-10,3.398851652e-09,2.154994205e-09,9.506244365e-11,3.725141915e-06
534,1.083556204e-10,3.398785202e-09,2.154987689e-09,9.518440243e-11,3.678677435e-06
535,1.070054385e-10,3.398719536e-09,2.154980939e-09,9.529524759e-11,3.632792121e-06
536,1.05672061e-10,3.398654645e-09,2.154973965e-09,9.539531355e-11,3.587478774e-06
537,1.043552793e-10,3.39859052e-09,2.154966777e-09,9.548487993e-11,3.542730282e-06
538,1.030548875e-10,3.398527152e-09,2.154959387e-09,9.556424148e-11,3.498539623e-06
539,1.017706822e-10,3.398464535e-09,2.154951805e-09,9.563370778e-11,3.454899859e-06
540,1.005024624e-10,3.398402658e-09,2.154944039e-09,9.56935295e-11,3.411804139e-06
541,9.925002965e-11,3.398341513e-09,2.154936101e-09,9.574401022e-11,3.369245696e-06
542,9.801318792e-11,3.398281094e-09,2.154927997e-09,9.578540966e-11,3.327217849e-06
543,9.679174363e-11,3.39822139e-09,2.154919739e-09,9.581800529e-11,3.285713995e-06
544,9.558550563e-11,3.398162395e-09,2.154911333e-09,9.584204955e-11,3.244727617e-06
545,9.4394285e-11,3.3981041e-09,2.154902789e-09,9.585781076e-11,3.204252275e-06
546,9.321789535e-11,3.398046498e-09,2.154894115e-09,9.586551495e-11,3.164281611e-06
547,9.205615239e-11,3.397989581e-09,2.154885317e-09,9.586543301e-11,3.124809346e-06
548,9.090887422e-11,3.39793334e-09,2.154876404e-09,9.585781088e-11,3.085829275e-06
549,8.977588114e-11,3.397877768e-09,2.154867382e-09,9.584284896e-11,3.047335274e-06
550,8.865699571e-11,3.397822859e-09,2.15485826e-09,9.582082101e-11,3.009321293e-06
551,8.755204267e-11,3.397768603e-09,2.154849042e-09,9.579192447e-11,2.971781356e-06
552,8.646084891e-11,3.397714995e-09,2.154839737e-09,9.57563945e-11,2.934709562e-06
553,8.538324345e-11,3.397662026e-09,2.15483035e-09,9.571445282e-11,2.898100083e-06
554,8.431905744e-11,3.397609689e-09,2.154820888e-09,9.566629166e-11,2.861947163e-06
555,8.326812414e-11,3.397557977e-09,2.154811356e-09,9.561215091e-11,2.826245118e-06
556,8.223027888e-11,3.397506883e-09,2.15480176e-09,9.555219931e-11,2.790988332e-06
557,8.120535891e-11,3.397456399e-09,2.154792105e-09,9.548665633e-11,2.756171262e-06
558,8.019320366e-11,3.39740652e-09,2.154782397e-09,9.541572593e-11,2.721788431e-06
559,7.919365441e-11,3.397357237e-09,2.15477264e-09,9.533957005e-11,2.68783443e-06
560,7.820655453e-11,3.397308545e-09,2.154762841e-09,9.525841567e-11,2.65430392e-06
561,7.723174914e-11,3.397260436e-09,2.154753003e-09,9.517241095e-11,2.621191624e-06
562,7.62690855e-11,3.397212904e-09,2.154743131e-09,9.50817409e-11,2.588492334e-06
563,7.531841265e-11,3.397165942e-09,2.15473323e-09,9.498659854e-11,2.556200904e-06
564,7.437958145e-11,3.397119543e-09,2.154723303e-09,9.488715485e-11,2.524312254e-06
565,7.345244465e-11,3.397073702e-09,2.154713356e-09,9.478354168e-11,2.492821364e-06
566,7.253685691e-11,3.397028411e-09,2.154703391e-09,9.467595831e-11,2.46172328e-06
567,7.163267459e-11,3.396983664e-09,2.154693413e-09,9.456456623e-11,2.431013107e-06
568,7.073975581e-11,3.396939455e-09,2.154683425e-09,9.444949806e-11,2.400686011e-06
569,6.985796052e-11,3.396895779e-09,2.154673432e-09,9.433092332e-11,2.370737218e-06
570,6.898715035e-11,3.396852627e-09,2.154663435e-09,9.420899636e-11,2.341162015e-06
571,6.812718867e-11,3.396809996e-09,2.154653439e-09,9.408384513e-11,2.311955746e-06
572,6.727794059e-11,3.396767878e-09,2.154643447e-09,9.395562652e-11,2.283113811e-06
573,6.643927282e-11,3.396726267e-09,2.154633462e-09,9.38244776e-11,2.254631672e-06
574,6.561105373e-11,3.396685158e-09,2.154623486e-09,9.369053141e-11,2.226504842e-06
575,6.47931533e-11,3.396644545e-09,2.154613523e-09,9.355394103e-11,2.198728894e-06
576,6.398544323e-11,3.396604422e-09,2.154603575e-09,9.341479612e-11,2.171299453e-06
577,6.318779672e-11,3.396564784e-09,2.154593645e-09,9.327326459e-11,2.1442122e-06
578,6.24000885e-11,3.396525624e-09,2.154583735e-09,9.312945328e-11,2.11746287e-06
579,6.162219497e-11,3.396486938e-09,2.154573848e-09,9.298346925e-11,2.091047248e-06
580,6.085399396e-11,3.396448719e-09,2.154563986e-09,9.283546287e-11,2.064961176e-06
581,6.009536497e-11,3.396410963e-09,2.15455415e-09,9.268553301e-11,2.039200545e-06
582,5.934618878e-11,3.396373663e-09,2.154544344e-09,9.253379379e-11,2.013761296e-06
583,5.860634781e-11,3.396336815e-09,2.154534569e-09,9.23803383e-11,1.988639423e-06
584,5.787572581e-11,3.396300413e-09,2.154524828e-09,9.222531396e-11,1.963830969e-06
585,5.715420813e-11,3.396264451e-09,2.154515121e-09,9.20687802e-11,1.939332025e-06
586,5.64416814e-11,3.396228926e-09,2.154505451e-09,9.191088025e-11,1.915138732e-06
587,5.57380337e-11,3.396193831e-09,2.154495819e-09,9.175168362e-11,1.891247278e-06
588,5.50431546e-11,3.396159162e-09,2.154486228e-09,9.159128976e-11,1.867653899e-06
589,5.435693489e-11,3.396124914e-09,2.154476678e-09,9.142981547e-11,1.844354879e-06
590,5.367926683e-11,3.396091081e-09,2.154467171e-09,9.126732748e-11,1.821346546e-06
591,5.301004384e-11,3.396057659e-09,2.154457708e-09,9.110391813e-11,1.798625275e-06
592,5.234916096e-11,3.396024643e-09,2.154448292e-09,9.093970593e-11,1.776187485e-06
593,5.169651427e-11,3.395992029e-09,2.154438922e-09,9.077474221e-11,1.754029642e-06
594,5.105200119e-11,3.39595981e-09,2.1544296e-09,9.060913048e-11,1.732148253e-06
595,5.04155206e-11,3.395927984e-09,2.154420328e-09,9.044291004e-11,1.71053987e-06
596,4.978697238e-11,3.395896544e-09,2.154411106e-09,9.027621489e-11,1.689201088e-06
597,4.916625779e-11,3.395865487e-09,2.154401935e-09,9.010910064e-11,1.668128545e-06
598,4.855327929e-11,3.395834808e-09,2.154392817e-09,8.994163444e-11,1.647318919e-06
599,4.794794057e-11,3.395804503e-09,2.154383753e-09,8.977387262e-11,1.626768931e-06
600,4.735014646e-11,3.395774566e-09,2.154374742e-09,8.960591591e-11,1.606475342e-06
601,4.675980303e-11,3.395744995e-09,2.154365786e-09,8.943780204e-11,1.586434953e-06
602,4.61768176e-11,3.395715784e-09,2.154356887e-09,8.926964162e-11,1.566644607e-06
603,4.560109839e-11,3.395686929e-09,2.154348043e-09,8.910145326e-11,1.547101183e-06
604,4.503255502e-11,3.395658426e-09,2.154339257e-09,8.893329499e-11,1.527801602e-06
605,4.447109802e-11,3.39563027e-09,2.154330529e-09,8.876528928e-11,1.508742821e-06
606,4.391663918e-11,3.395602459e-09,2.154321858e-09,8.859742401e-11,1.489921836e-06
607,4.336909142e-11,3.395574986e-09,2.154313247e-09,8.842978804e-11,1.47133568e-06
608,4.282836859e-11,3.39554785e-09,2.154304695e-09,8.826242522e-11,1.452981425e-06
609,4.229438571e-11,3.395521044e-09,2.154296204e-09,8.809541669e-11,1.434856176e-06
610,4.176705878e-11,3.395494567e-09,2.154287772e-09,8.792875723e-11,1.416957077e-06
611,4.124630497e-11,3.395468412e-09,2.154279401e-09,8.776255741e-11,1.399281305e-06
612,4.073204235e-11,3.395442578e-09,2.154271091e-09,8.759683711e-11,1.381826075e-06
613,4.022419015e-11,3.395417059e-09,2.154262843e-09,8.743162597e-11,1.364588635e-06
614,3.972266838e-11,3.395391853e-09,2.154254656e-09,8.726698884e-11,1.347566267e-06
615,3.922739829e-11,3.395366955e-09,2.154246532e-09,8.710295514e-11,1.330756289e-06
616,3.873830197e-11,3.395342362e-09,2.154238469e-09,8.693961799e-11,1.314156049e-06
617,3.825530252e-11,3.39531807e-09,2.154230469e-09,8.677692102e-11,1.297762931e-06
618,3.777832399e-11,3.395294075e-09,2.154222532e-09,8.661497433e-11,1.281574351e-06
619,3.730729131e-11,3.395270374e-09,2.154214657e-09,8.645381814e-11,1.265587756e-06
620,3.684213052e-11,3.395246964e-09,2.154206845e-09,8.629343445e-11,1.249800626e-06
621,3.638276835e-11,3.39522384e-09,2.154199096e-09,8.613391834e-11,1.234210472e-06
622,3.592913266e-11,3.395201e-09,2.154191411e-09,8.59752523e-11,1.218814836e-06
623,3.548115204e-11,3.39517844e-09,2.154183788e-09,8.581749152e-11,1.203611292e-06
624,3.503875606e-11,3.395156157e-09,2.154176229e-09,8.56606855e-11,1.188597441e-06
625,3.460187512e-11,3.395134147e-09,2.154168733e-09,8.550481314e-11,1.173770918e-06
626,3.417044049e-11,3.395112407e-09,2.1541613e-09,8.53499453e-11,1.159129383e-06
627,3.374438439e-11,3.395090934e-09,2.15415393e-09,8.519606269e-11,1.14467053e-06
628,3.332363967e-11,3.395069725e-09,2.154146623e-09,8.504327991e-11,1.130392078e-06
629,3.290814023e-11,3.395048776e-09,2.154139379e-09,8.489151107e-11,1.116291776e-06
630,3.249782074e-11,3.395028084e-09,2.154132198e-09,8.474085178e-11,1.102367402e-06
631,3.209261665e-11,3.395007646e-09,2.154125081e-09,8.459129668e-11,1.088616759e-06
632,3.169246412e-11,3.39498746e-09,2.154118025e-09,8.444288826e-11,1.075037679e-06
633,3.129730033e-11,3.394967522e-09,2.154111033e-09,8.429560794e-11,1.061628023e-06
634,3.090706297e-11,3.394947828e-09,2.154104103e-09,8.414950468e-11,1.048385675e-06
635,3.052169079e-11,3.394928377e-09,2.154097235e-09,8.400456328e-11,1.035308548e-06
636,3.014112313e-11,3.394909165e-09,2.15409043e-09,8.38608867e-11,1.022394579e-06
637,2.976529999e-11,3.39489019e-09,2.154083686e-09,8.371836468e-11,1.009641733e-06
638,2.939416241e-11,3.394871448e-09,2.154077004e-09,8.357710804e-11,9.970479993e-07
639,2.902765193e-11,3.394852936e-09,2.154070384e-09,8.343710815e-11,9.846113919e-07
640,2.866571088e-11,3.394834653e-09,2.154063825e-09,8.329833616e-11,9.723299501e-07
641,2.830828231e-11,3.394816594e-09,2.154057327e-09,8.316087178e-11,9.602017374e-07
642,2.795531001e-11,3.394798758e-09,2.15405089e-09,8.302467111e-11,9.482248418e-07
643,2.760673837e-11,3.394781141e-09,2.154044514e-09,8.288976296e-11,9.363973748e-07
644,2.726251262e-11,3.394763742e-09,2.154038198e-09,8.275614952e-11,9.247174716e-07
645,2.692257858e-11,3.394746557e-09,2.154031942e-09,8.262387381e-11,9.131832908e-07
646,2.658688274e-11,3.394729583e-09,2.154025746e-09,8.249292947e-11,9.017930137e-07
647,2.625537228e-11,3.394712819e-09,2.154019609e-09,8.236327284e-11,8.905448446e-07
648,2.592799508e-11,3.394696262e-09,2.154013532e-09,8.223497337e-11,8.794370099e-07
649,2.560469953e-11,3.394679908e-09,2.154007513e-09,8.210803197e-11,8.684677583e-07
650,2.528543482e-11,3.394663756e-09,2.154001554e-09,8.198239218e-11,8.576353606e-07
651,2.497015071e-11,3.394647804e-09,2.153995652e-09,8.18581693e-11,8.469381087e-07
652,2.465879757e-11,3.394632048e-09,2.153989808e-09,8.173521892e-11,8.363743161e-07
653,2.435132643e-11,3.394616486e-09,2.153984022e-09,8.16136871e-11,8.259423172e-07
654,2.404768887e-11,3.394601117e-09,2.153978293e-09,8.149351423e-11,8.156404673e-07
655,2.374783708e-11,3.394585937e-09,2.153972622e-09,8.137469877e-11,8.054671423e-07
656,2.345172397e-11,3.394570945e-09,2.153967006e-09,8.125721438e-11,7.954207383e-07
657,2.315930283e-11,3.394556138e-09,2.153961447e-09,8.114114128e-11,7.854996712e-07
658,2.28705277e-11,3.394541513e-09,2.153955944e-09,8.102642922e-11,7.757023769e-07
659,2.258535307e-11,3.39452707e-09,2.153950497e-09,8.091308563e-11,7.660273109e-07
660,2.230373418e-11,3.394512804e-09,2.153945104e-09,8.080107396e-11,7.564729478e-07
661,2.202562653e-11,3.394498715e-09,2.153939767e-09,8.069048175e-11,7.470377813e-07
662,2.175098648e-11,3.3944848e-09,2.153934484e-09,8.05812489e-11,7.377203238e-07
663,2.14797708e-11,3.394471057e-09,2.153929254e-09,8.04733208e-11,7.285191065e-07
664,2.121193678e-11,3.394457483e-09,2.153924079e-09,8.036682726e-11,7.194326787e-07
665,2.094744224e-11,3.394444078e-09,2.153918957e-09,8.026166885e-11,7.104596079e-07
666,2.068624556e-11,3.394430838e-09,2.153913887e-09,8.015782343e-11,7.015984796e-07
667,2.042830566e-11,3.394417762e-09,2.153908871e-09,8.005538317e-11,6.928478967e-07
668,2.017358187e-11,3.394404847e-09,2.153903906e-09,7.995427037e-11,6.842064798e-07
669,1.992203423e-11,3.394392093e-09,2.153898993e-09,7.985453047e-11,6.756728664e-07
670,1.967362299e-11,3.394379496e-09,2.153894132e-09,7.975608704e-11,6.672457113e-07
671,1.942830914e-11,3.394367054e-09,2.153889321e-09,7.965905854e-11,6.589236861e-07
672,1.918605405e-11,3.394354767e-09,2.153884561e-09,7.956326554e-11,6.507054788e-07
673,1.894681955e-11,3.394342632e-09,2.153879851e-09,7.946884027e-11,6.425897937e-07
674,1.871056806e-11,3.394330647e-09,2.153875191e-09,7.93757231e-11,6.345753516e-07
675,1.847726232e-11,3.39431881e-09,2.153870581e-09,7.928397466e-11,6.26660889e-07
676,1.824686565e-11,3.39430712e-09,2.153866019e-09,7.91934555e-11,6.188451584e-07
677,1.801934178e-11,3.394295575e-09,2.153861506e-09,7.910428613e-11,6.111269276e-07
678,1.779465488e-11,3.394284172e-09,2.153857041e-09,7.901641879e-11,6.035049799e-07
679,1.757276955e-11,3.394272911e-09,2.153852624e-09,7.892983321e-11,5.959781139e-07
680,1.735365085e-11,3.394261789e-09,2.153848254e-09,7.884450097e-11,5.88545143e-07
681,1.713726442e-11,3.394250805e-09,2.153843931e-09,7.876048122e-11,5.812048956e-07
682,1.692357605e-11,3.394239957e-09,2.153839655e-09,7.867769743e-11,5.739562146e-07
683,1.671255217e-11,3.394229243e-09,2.153835425e-09,7.859615551e-11,5.667979573e-07
684,1.650415956e-11,3.394218662e-09,2.153831241e-09,7.851589662e-11,5.597289954e-07
685,1.629836539e-11,3.394208213e-09,2.153827102e-09,7.843688872e-11,5.527482147e-07
686,1.609513729e-11,3.394197892e-09,2.153823008e-09,7.835911218e-11,5.458545147e-07
687,1.589444321e-11,3.3941877e-09,2.153818959e-09,7.828258475e-11,5.39046809e-07
688,1.569625169e-11,3.394177634e-09,2.153814954e-09,7.820717162e-11,5.323240242e-07
689,1.550053138e-11,3.394167692e-09,2.153810993e-09,7.813307249e-11,5.25685101e-07
690,1.530725153e-11,3.394157874e-09,2.153807075e-09,7.806008856e-11,5.191289927e-07
691,1.511638166e-11,3.394148178e-09,2.153803201e-09,7.798844775e-11,5.126546659e-07
692,1.492789188e-11,3.394138602e-09,2.153799369e-09,7.791782662e-11,5.062611003e-07
693,1.474175233e-11,3.394129145e-09,2.153795579e-09,7.784839887e-11,4.99947288e-07
694,1.455793381e-11,3.394119805e-09,2.153791831e-09,7.778022663e-11,4.93712234e-07
695,1.437640731e-11,3.39411058e-09,2.153788124e-09,7.771311897e-11,4.875549554e-07
696,1.419714439e-11,3.394101471e-09,2.153784459e-09,7.764720404e-11,4.814744819e-07
697,1.402011669e-11,3.394092474e-09,2.153780834e-09,7.758240308e-11,4.75469855e-07
698,1.384529639e-11,3.394083589e-09,2.15377725e-09,7.75187483e-11,4.695401283e-07
699,1.367265595e-11,3.394074814e-09,2.153773705e-09,7.745619496e-11,4.636843673e-07
700,1.350216819e-11,3.394066148e-09,2.153770201e-09,7.739475186e-11,4.57901649e-07
701,1.333380629e-11,3.394057589e-09,2.153766735e-09,7.733437008e-11,4.521910622e-07
702,1.316754374e-11,3.394049137e-09,2.153763308e-09,7.727507973e-11,4.465517066e-07
703,1.300335439e-11,3.39404079e-09,2.15375992e-09,9.996121557e-11,4.409826936e-07
704,1.284121235e-11,3.394032546e-09,2.153756569e-09,9.990267231e-11,4.354831455e-07
705,1.268109209e-11,3.394024405e-09,2.153753256e-09,9.984524144e-11,4.300521955e-07
706,1.252296838e-11,3.394016364e-09,2.153749981e-09,9.97888754e-11,4.246889877e-07
707,1.236681646e-11,3.394008424e-09,2.153746743e-09,9.97335731e-11,4.193926769e-07
708,1.221261154e-11,3.394000582e-09,2.153743541e-09,9.967927328e-11,4.141624285e-07
709,1.206032952e-11,3.393992837e-09,2.153740375e-09,9.96260386e-11,4.08997418e-07
710,1.190994632e-11,3.393985189e-09,2.153737245e-09,9.957386698e-11,4.038968317e-07
711,1.176143827e-11,3.393977636e-09,2.153734151e-09,9.952271878e-11,3.988598655e-07
712,1.161478206e-11,3.393970176e-09,2.153731092e-09,9.947255257e-11,3.93885726e-07
713,1.146995454e-11,3.393962809e-09,2.153728068e-09,9.942340801e-11,3.889736289e-07
714,1.132693291e-11,3.393955534e-09,2.153725078e-09,9.937525186e-11,3.841228004e-07
715,1.118569467e-11,3.393948349e-09,2.153722122e-09,9.93281024e-11,3.79332476e-07
716,1.104621762e-11,3.393941253e-09,2.1537192e-09,9.928185215e-11,3.746019008e-07
717,1.090847972e-11,3.393934245e-09,2.153716312e-09,9.92366327e-11,3.699303295e-07
718,1.077245931e-11,3.393927325e-09,2.153713456e-09,9.91923215e-11,3.653170255e-07
719,1.063813498e-11,3.39392049e-09,2.153710634e-09,9.914900859e-11,3.607612624e-07
720,1.050548566e-11,3.393913741e-09,2.153707843e-09,9.910645775e-11,3.562623218e-07
721,1.037449032e-11,3.393907075e-09,2.153705085e-09,9.906497857e-11,3.518194952e-07
722,1.024512844e-11,3.393900492e-09,2.153702358e-09,9.902436625e-11,3.474320822e-07
723,1.011737959e-11,3.393893991e-09,2.153699663e-09,9.898457535e-11,3.430993916e-07
724,9.991223713e-12,3.393887571e-09,2.153696999e-09,9.894577375e-11,3.388207407e-07
725,9.866640925e-12,3.393881231e-09,2.153694366e-09,9.890776845e-11,3.345954551e-07
726,9.743611634e-12,3.393874969e-09,2.153691763e-09,9.887061868e-11,3.304228694e-07
727,9.622116372e-12,3.393868785e-09,2.15368919e-09,9.88343898e-11,3.263023256e-07
728,9.502136149e-12,3.393862678e-09,2.153686647e-09,9.879882619e-11,3.22233175e-07
729,9.383651972e-12,3.393856647e-09,2.153684134e-09,9.876422724e-11,3.182147761e-07
730,9.266645168e-12,3.393850691e-09,2.15368165e-09,9.873050873e-11,3.142464957e-07
731,9.151097453e-12,3.39384481e-09,2.153679194e-09,9.869757481e-11,3.103277087e-07
732,9.036990516e-12,3.393839001e-09,2.153676767e-09,9.866529277e-11,3.064577977e-07
733,8.924306442e-12,3.393833264e-09,2.153674368e-09,9.86338836e-11,3.026361527e-07
734,8.813027446e-12,3.393827599e-09,2.153671998e-09,9.860335592e-11,2.988621718e-07
735,8.703136093e-12,3.393822004e-09,2.153669655e-09,9.857348406e-11,2.951352602e-07
736,8.594614924e-12,3.393816479e-09,2.153667339e-09,9.854431893e-11,2.914548308e-07
737,8.487446984e-12,3.393811023e-09,2.15366505e-09,9.851600885e-11,2.878203038e-07
738,8.381615352e-12,3.393805634e-09,2.153662788e-09,9.848837227e-11,2.842311063e-07
739,8.277103311e-12,3.393800313e-09,2.153660553e-09,9.846150602e-11,2.806866732e-07
740,8.173894588e-12,3.393795058e-09,2.153658344e-09,9.843528326e-11,2.771864456e-07
741,8.071972789e-12,3.393789868e-09,2.15365616e-09,9.840986662e-11,2.737298725e-07
742,7.971321916e-12,3.393784742e-09,2.153654003e-09,9.838512985e-11,2.70316409e-07
743,7.871926013e-12,3.393779681e-09,2.15365187e-09,9.836104505e-11,2.669455175e-07
744,7.773769548e-12,3.393774682e-09,2.153649763e-09,9.833756808e-11,2.636166667e-07
745,7.676837037e-12,3.393769746e-09,2.15364768e-09,9.831487415e-11,2.603293324e-07
746,7.581113234e-12,3.393764871e-09,2.153645622e-09,9.829288767e-11,2.570829966e-07
747,7.486583019e-12,3.393760056e-09,2.153643588e-09,9.827136407e-11,2.538771478e-07
748,7.393231553e-12,3.393755302e-09,2.153641579e-09,9.825070636e-11,2.50711281e-07
749,7.301044119e-12,3.393750607e-09,2.153639592e-09,9.823038081e-11,2.475848975e-07
750,7.210006237e-12,3.39374597e-09,2.15363763e-09,9.821099156e-11,2.444975048e-07
751,7.120103493e-12,3.393741391e-09,2.15363569e-09,9.819200917e-11,2.414486163e-07
752,7.031321813e-12,3.393736869e-09,2.153633774e-09,9.817374841e-11,2.384377519e-07
753,6.943647134e-12,3.393732403e-09,2.15363188e-09,9.815601517e-11,2.354644372e-07
754,6.857065763e-12,3.393727993e-09,2.153630008e-09,9.813874872e-11,2.325282037e-07
755,6.771563955e-12,3.393723637e-09,2.153628159e-09,9.812236518e-11,2.296285892e-07
756,6.687128317e-12,3.393719336e-09,2.153626332e-09,9.810637492e-11,2.267651365e-07
757,6.603745566e-12,3.393715089e-09,2.153624526e-09,9.80908816e-11,2.239373947e-07
758,6.521402511e-12,3.393710894e-09,2.153622742e-09,9.807603777e-11,2.211449184e-07
759,6.44008626e-12,3.393706752e-09,2.153620979e-09,9.806178372e-11,2.183872676e-07
760,6.359783896e-12,3.393702661e-09,2.153619237e-09,9.804789298e-11,2.15664008e-07
761,6.280482918e-12,3.393698621e-09,2.153617516e-09,9.80346896e-11,2.129747105e-07
762,6.202170762e-12,3.393694631e-09,2.153615815e-09,9.802191035e-11,2.103189514e-07
763,6.124835098e-12,3.393690691e-09,2.153614134e-09,9.800971605e-11,2.076963127e-07
764,6.04846373e-12,3.3936868e-09,2.153612474e-09,9.799784985e-11,2.051063809e-07
765,5.973044679e-12,3.393682958e-09,2.153610833e-09,9.798675566e-11,2.025487482e-07
766,5.89856606e-12,3.393679163e-09,2.153609212e-09,9.797586687e-11,2.000230117e-07
767,5.825016159e-12,3.393675416e-09,2.15360761e-09,9.796573273e-11,1.975287736e-07
768,5.752383372e-12,3.393671715e-09,2.153606028e-09,9.795590128e-11,1.950656409e-07
769,5.680656253e-12,3.39366806e-09,2.153604464e-09,9.794649795e-11,1.926332256e-07
770,5.609823536e-12,3.393664451e-09,2.153602919e-09,9.793751734e-11,1.902311448e-07
771,5.539874017e-12,3.393660887e-09,2.153601392e-09,9.792928607e-11,1.878590198e-07
772,5.470796749e-12,3.393657367e-09,2.153599884e-09,9.792107163e-11,1.855164772e-07
773,5.40258083e-12,3.393653891e-09,2.153598394e-09,9.791374415e-11,1.832031478e-07
774,5.335215485e-12,3.393650459e-09,2.153596922e-09,9.790645407e-11,1.809186674e-07
775,5.268690174e-12,3.393647069e-09,2.153595467e-09,9.789964442e-11,1.786626763e-07
776,5.2029944e-12,3.393643721e-09,2.15359403e-09,9.78933347e-11,1.764348188e-07
777,5.138117807e-12,3.393640415e-09,2.15359261e-09,9.788755676e-11,1.742347442e-07
778,5.07405015e-12,3.39363715e-09,2.153591207e-09,9.788198453e-11,1.72062106e-07
779,5.010781368e-12,3.393633926e-09,2.153589821e-09,9.787688004e-11,1.699165619e-07
780,4.948301505e-12,3.393630742e-09,2.153588452e-09,9.787200889e-11,1.677977739e-07
781,4.88660075e-12,3.393627598e-09,2.153587099e-09,9.786779047e-11,1.657054086e-07
782,4.825669324e-12,3.393624493e-09,2.153585762e-09,9.786352027e-11,1.63639136e-07
783,4.76549768e-12,3.393621426e-09,2.153584442e-09,9.786002693e-11,1.615986309e-07
784,4.706076337e-12,3.393618398e-09,2.153583137e-09,9.78569408e-11,1.59583572e-07
785,4.647395945e-12,3.393615407e-09,2.153581848e-09,9.785368005e-11,1.575936418e-07
786,4.589447214e-12,3.393612454e-09,2.153580575e-09,9.785127454e-11,1.556285268e-07
787,4.532221127e-12,3.393609538e-09,2.153579317e-09,9.784900178e-11,1.536879176e-07
788,4.475708565e-12,3.393606657e-09,2.153578074e-09,9.78470781e-11,1.517715087e-07
789,4.419900641e-12,3.393603813e-09,2.153576846e-09,9.784543894e-11,1.49878998e-07
790,4.364788616e-12,3.393601004e-09,2.153575633e-09,9.784402291e-11,1.480100876e-07
791,4.310363876e-12,3.39359823e-09,2.153574435e-09,9.784311412e-11,1.46164483e-07
792,4.256617721e-12,3.393595491e-09,2.153573251e-09,9.784250961e-11,1.443418938e-07
793,4.20354173e-12,3.393592786e-09,2.153572082e-09,9.784198841e-11,1.425420326e-07
794,4.151127543e-12,3.393590115e-09,2.153570926e-09,9.784207712e-11,1.407646163e-07
795,4.099366961e-12,3.393587476e-09,2.153569785e-09,9.784213866e-11,1.390093647e-07
796,4.048251739e-12,3.393584871e-09,2.153568658e-09,9.784276785e-11,1.372760014e-07
797,3.9977739e-12,3.393582298e-09,2.153567544e-09,9.784339786e-11,1.355642536e-07
798,3.947925471e-12,3.393579758e-09,2.153566443e-09,9.78443806e-11,1.338738514e-07
799,3.898698664e-12,3.393577248e-09,2.153565356e-09,9.784564196e-11,1.322045289e-07
800,3.85008564e-12,3.393574771e-09,2.153564282e-09,9.784735686e-11,1.30556023e-07
801,3.802078833e-12,3.393572324e-09,2.153563221e-09,9.784919682e-11,1.28928074e-07
802,3.754670558e-12,3.393569907e-09,2.153562174e-09,9.785084421e-11,1.273204259e-07
803,3.70785346e-12,3.393567521e-09,2.153561138e-09,9.785342827e-11,1.257328251e-07
804,3.661620129e-12,3.393565164e-09,2.153560116e-09,9.785599608e-11,1.241650218e-07
805,3.615963291e-12,3.393562837e-09,2.153559105e-09,9.785891756e-11,1.22616769e-07
806,3.570875758e-12,3.393560539e-09,2.153558107e-09,9.786157769e-11,1.21087823e-07
807,3.526350461e-12,3.393558269e-09,2.153557122e-09,9.786486369e-11,1.195779428e-07
808,3.482380296e-12,3.393556028e-09,2.153556148e-09,9.786830189e-11,1.180868909e-07
809,3.438958469e-12,3.393553814e-09,2.153555186e-09,9.787217162e-11,1.166144322e-07
810,3.39607804e-12,3.393551629e-09,2.153554235e-09,9.787564795e-11,1.15160335e-07
811,3.353732293e-12,3.39354947e-09,2.153553297e-09,9.787993704e-11,1.137243703e-07
812,3.31191455e-12,3.393547338e-09,2.153552369e-09,9.788402309e-11,1.123063119e-07
813,3.270618268e-12,3.393545233e-09,2.153551453e-09,9.788834014e-11,1.109059365e-07
814,3.229836857e-12,3.393543155e-09,2.153550548e-09,9.789303946e-11,1.095230236e-07
815,3.189564034e-12,3.393541102e-09,2.153549655e-09,9.789789298e-11,1.081573554e-07
816,3.149793364e-12,3.393539074e-09,2.153548772e-09,9.790294601e-11,1.068087168e-07
817,3.110518593e-12,3.393537072e-09,2.153547899e-09,9.790799637e-11,1.054768955e-07
818,3.071733536e-12,3.393535095e-09,2.153547038e-09,9.791343097e-11,1.041616817e-07
819,3.033432103e-12,3.393533143e-09,2.153546187e-09,9.791901761e-11,1.028628684e-07
820,2.995608245e-12,3.393531214e-09,2.153545346e-09,9.792450543e-11,1.015802508e-07
821,2.958256029e-12,3.39352931e-09,2.153544516e-09,9.793055223e-11,1.003136273e-07
822,2.921369568e-12,3.39352743e-09,2.153543696e-09,9.793654527e-11,9.906279813e-08
823,2.88494301e-12,3.393525573e-09,2.153542885e-09,9.79421601e-11,9.782756649e-08
824,2.848970722e-12,3.393523739e-09,2.153542085e-09,9.794885377e-11,9.660773784e-08
825,2.813446944e-12,3.393521928e-09,2.153541295e-09,9.795505589e-11,9.540312002e-08
826,2.778366098e-12,3.39352014e-09,2.153540514e-09,9.796177126e-11,9.421352337e-08
827,2.743722692e-12,3.393518374e-09,2.153539742e-09,9.796822187e-11,9.303876056e-08
828,2.709511268e-12,3.39351663e-09,2.153538981e-09,9.797532051e-11,9.187864664e-08
829,2.675726397e-12,3.393514907e-09,2.153538228e-09,9.798205187e-11,9.073299895e-08
830,2.642362842e-12,3.393513207e-09,2.153537485e-09,9.798933483e-11,8.960163694e-08
831,2.609415291e-12,3.393511527e-09,2.15353675e-09,9.799619796e-11,8.84843826e-08
832,2.57687852e-12,3.393509868e-09,2.153536025e-09,9.80038001e-11,8.738106003e-08
833,2.544747515e-12,3.39350823e-09,2.153535309e-09,9.801111297e-11,8.629149525e-08
834,2.513017135e-12,3.393506613e-09,2.153534601e-09,9.80181742e-11,8.521551692e-08
835,2.481682422e-12,3.393505015e-09,2.153533902e-09,9.802645714e-11,8.415295563e-08
836,2.450738396e-12,3.393503438e-09,2.153533212e-09,9.80340279e-11,8.310364388e-08
837,2.420180245e-12,3.39350188e-09,2.15353253e-09,9.804158061e-11,8.206741658e-08
838,2.390003079e-12,3.393500341e-09,2.153531856e-09,9.804949622e-11,8.104411056e-08
839,2.360202189e-12,3.393498822e-09,2.153531191e-09,9.80577282e-11,8.003356455e-08
840,2.33077291e-12,3.393497322e-09,2.153530534e-09,9.806557055e-11,7.903561966e-08
841,2.30171061e-12,3.39349584e-09,2.153529885e-09,9.807394871e-11,7.805011842e-08
842,2.273010657e-12,3.393494377e-09,2.153529244e-09,9.808201451e-11,7.707690605e-08
843,2.244668553e-12,3.393492932e-09,2.15352861e-09,9.809054741e-11,7.611582889e-08
844,2.216679872e-12,3.393491505e-09,2.153527985e-09,9.809892329e-11,7.516673595e-08
845,2.189040235e-12,3.393490096e-09,2.153527367e-09,9.810736096e-11,7.422947768e-08
846,2.161745191e-12,3.393488704e-09,2.153526757e-09,9.811594777e-11,7.330390636e-08
847,2.13479048e-12,3.39348733e-09,2.153526154e-09,9.812450854e-11,7.23898764e-08
848,2.108171877e-12,3.393485973e-09,2.153525559e-09,9.813348779e-11,7.148724382e-08
849,2.081885201e-12,3.393484633e-09,2.153524971e-09,9.814163991e-11,7.059586657e-08
850,2.055926242e-12,3.39348331e-09,2.15352439e-09,9.815080569e-11,6.971560415e-08
851,2.030291026e-12,3.393482003e-09,2.153523816e-09,9.815990166e-11,6.884631809e-08
852,2.00497546e-12,3.393480712e-09,2.15352325e-09,9.816868e-11,6.798787144e-08
853,1.979975471e-12,3.393479437e-09,2.15352269e-09,9.81774222e-11,6.714012907e-08
854,1.955287296e-12,3.393478179e-09,2.153522137e-09,9.818677585e-11,6.630295743e-08
855,1.930906951e-12,3.393476936e-09,2.153521591e-09,9.819558868e-11,6.547622483e-08
856,1.906830557e-12,3.393475708e-09,2.153521052e-09,9.820486781e-11,6.465980087e-08
857,1.883054397e-12,3.393474496e-09,2.15352052e-09,9.82143731e-11,6.38535573e-08
858,1.859574697e-12,3.393473299e-09,2.153519994e-09,9.822312401e-11,6.305736699e-08
859,1.836387791e-12,3.393472117e-09,2.153519474e-09,9.823223773e-11,6.227110452e-08
860,1.813489961e-12,3.39347095e-09,2.153518961e-09,9.824180218e-11,6.149464626e-08
861,1.79087769e-12,3.393469797e-09,2.153518454e-09,9.825098683e-11,6.072786973e-08
862,1.768547378e-12,3.393468658e-09,2.153517953e-09,9.826045668e-11,5.997065447e-08
863,1.746495434e-12,3.393467534e-09,2.153517459e-09,9.826972379e-11,5.922288104e-08
864,1.724718525e-12,3.393466424e-09,2.153516971e-09,9.827935952e-11,5.848443188e-08
865,1.703213148e-12,3.393465327e-09,2.153516488e-09,9.828893975e-11,5.775519044e-08
866,1.681975885e-12,3.393464245e-09,2.153516012e-09,9.829817085e-11,5.703504222e-08
867,1.661003445e-12,3.393463175e-09,2.153515541e-09,9.830738931e-11,5.632387359e-08
868,1.640292502e-12,3.393462119e-09,2.153515077e-09,9.831731902e-11,5.562157271e-08
869,1.61983983e-12,3.393461077e-09,2.153514618e-09,9.83266061e-11,5.492802901e-08
870,1.599642164e-12,3.393460047e-09,2.153514164e-09,9.833587823e-11,5.424313312e-08
871,1.579696341e-12,3.39345903e-09,2.153513717e-09,9.834539844e-11,5.356677743e-08
872,1.559999202e-12,3.393458026e-09,2.153513274e-09,9.835505147e-11,5.289885527e-08
873,1.540547659e-12,3.393457034e-09,2.153512838e-09,9.836482385e-11,5.223926161e-08
874,1.521338728e-12,3.393456055e-09,2.153512406e-09,9.837411086e-11,5.158789249e-08
875,1.502369264e-12,3.393455088e-09,2.15351198e-09,9.838438814e-11,5.094464542e-08
876,1.483636365e-12,3.393454133e-09,2.153511559e-09,9.8393199e-11,5.030941905e-08
877,1.465137016e-12,3.393453189e-09,2.153511144e-09,9.84030104e-11,4.96821134e-08
878,1.446868329e-12,3.393452258e-09,2.153510733e-09,9.841220934e-11,4.906262971e-08
879,1.428827433e-12,3.393451338e-09,2.153510328e-09,9.84220188e-11,4.845087051e-08
880,1.411011477e-12,3.39345043e-09,2.153509927e-09,9.843136011e-11,4.784673943e-08
881,1.39341773e-12,3.393449533e-09,2.153509532e-09,9.844109045e-11,4.725014122e-08
882,1.376043306e-12,3.393448647e-09,2.153509141e-09,9.845106878e-11,4.666098213e-08
883,1.358885524e-12,3.393447772e-09,2.153508756e-09,9.846012372e-11,4.607916926e-08
884,1.341941681e-12,3.393446909e-09,2.153508375e-09,9.847014443e-11,4.550461116e-08
885,1.325209138e-12,3.393446055e-09,2.153507998e-09,9.847903371e-11,4.493721728e-08
886,1.308685241e-12,3.393445213e-09,2.153507627e-09,9.848917682e-11,4.437689818e-08
887,1.292367334e-12,3.393444381e-09,2.15350726e-09,9.84989103e-11,4.382356589e-08
888,1.276252903e-12,3.393443559e-09,2.153506897e-09,9.850852316e-11,4.327713302e-08
889,1.260339428e-12,3.393442748e-09,2.153506539e-09,9.85175524e-11,4.273751369e-08
890,1.244624374e-12,3.393441947e-09,2.153506186e-09,9.852701545e-11,4.220462294e-08
891,1.229105254e-12,3.393441156e-09,2.153505836e-09,9.853625065e-11,4.167837681e-08
892,1.213779648e-12,3.393440374e-09,2.153505492e-09,9.854637415e-11,4.115869251e-08
893,1.19864514e-12,3.393439603e-09,2.153505151e-09,9.855545102e-11,4.064548814e-08
894,1.183699317e-12,3.393438841e-09,2.153504814e-09,9.856474439e-11,4.013868293e-08
895,1.168939918e-12,3.393438088e-09,2.153504482e-09,9.857445503e-11,3.963819709e-08
896,1.15436449e-12,3.393437345e-09,2.153504154e-09,9.858317841e-11,3.914395194e-08
897,1.13997081e-12,3.393436611e-09,2.15350383e-09,9.859271734e-11,3.865586939e-08
898,1.125756628e-12,3.393435887e-09,2.15350351e-09,9.86021154e-11,3.817387287e-08
899,1.11171971e-12,3.393435171e-09,2.153503194e-09,9.861144697e-11,3.769788634e-08
900,1.097857733e-12,3.393434464e-09,2.153502881e-09,9.8621403e-11,3.722783493e-08
901,1.084168708e-12,3.393433766e-09,2.153502573e-09,9.862987402e-11,3.676364452e-08
902,1.070650289e-12,3.393433077e-09,2.153502269e-09,9.863871896e-11,3.630524212e-08
903,1.057300462e-12,3.393432396e-09,2.153501968e-09,9.864855136e-11,3.585255562e-08
904,1.044117086e-12,3.393431724e-09,2.153501671e-09,9.865822367e-11,3.540551358e-08
905,1.031098027e-12,3.39343106e-09,2.153501377e-09,9.866672346e-11,3.496404569e-08
906,1.018241395e-12,3.393430405e-09,2.153501088e-09,9.86754902e-11,3.452808259e-08
907,1.005545046e-12,3.393429758e-09,2.153500801e-09,9.868529273e-11,3.409755547e-08
908,9.930069964e-13,3.393429118e-09,2.153500519e-09,9.869345202e-11,3.367239654e-08
909,9.806253055e-13,3.393428487e-09,2.15350024e-09,9.870277278e-11,3.325253886e-08
910,9.683979489e-13,3.393427864e-09,2.153499964e-09,9.871223201e-11,3.283791644e-08
911,9.563230841e-13,3.393427248e-09,2.153499692e-09,9.872068362e-11,3.242846394e-08
912,9.443987914e-13,3.39342664e-09,2.153499423e-09,9.872969016e-11,3.202411691e-08
913,9.326232071e-13,3.39342604e-09,2.153499157e-09,9.873859092e-11,3.162481169e-08
914,9.209944228e-13,3.393425447e-09,2.153498895e-09,9.874740518e-11,3.123048528e-08
915,9.095106136e-13,3.393424861e-09,2.153498636e-09,9.87568022e-11,3.08410758e-08
916,8.981700303e-13,3.393424283e-09,2.15349838e-09,9.876419913e-11,3.045652189e-08
917,8.869708328e-13,3.393423712e-09,2.153498128e-09,9.877361861e-11,3.007676289e-08
918,8.75911293e-13,3.393423148e-09,2.153497878e-09,9.878309484e-11,2.970173907e-08
919,8.649896135e-13,3.393422592e-09,2.153497632e-09,9.87899661e-11,2.933139151e-08
920,8.542041813e-13,3.393422042e-09,2.153497389e-09,9.879955705e-11,2.896566167e-08
921,8.435532028e-13,3.393421499e-09,2.153497148e-09,9.880849327e-11,2.860449216e-08
922,8.330349779e-13,3.393420962e-09,2.153496911e-09,9.881671185e-11,2.824782605e-08
923,8.226479848e-13,3.393420433e-09,2.153496677e-09,9.882528293e-11,2.789560724e-08
924,8.123904446e-13,3.39341991e-09,2.153496445e-09,9.88334266e-11,2.754778017e-08
925,8.022608353e-13,3.393419393e-09,2.153496216e-09,9.884184816e-11,2.720429013e-08
926,7.922575237e-13,3.393418883e-09,2.153495991e-09,9.884968809e-11,2.686508299e-08
927,7.823789519e-13,3.39341838e-09,2.153495768e-09,9.885863756e-11,2.653010553e-08
928,7.72623567e-13,3.393417882e-09,2.153495547e-09,9.886699566e-11,2.619930478e-08
929,7.629897966e-13,3.393417391e-09,2.15349533e-09,9.88751695e-11,2.587262873e-08
930,7.534761709e-13,3.393416906e-09,2.153495115e-09,9.888301165e-11,2.555002609e-08
931,7.440811485e-13,3.393416427e-09,2.153494903e-09,9.889152339e-11,2.52314459e-08
932,7.348032942e-13,3.393415954e-09,2.153494694e-09,9.889935733e-11,2.491683804e-08
933,7.256410938e-13,3.393415487e-09,2.153494487e-09,9.89065626e-11,2.460615317e-08
934,7.165931427e-13,3.393415026e-09,2.153494282e-09,9.891524737e-11,2.429934201e-08
935,7.076579971e-13,3.39341457e-09,2.15349408e-09,9.892355625e-11,2.399635646e-08
936,6.988343165e-13,3.39341412e-09,2.153493881e-09,9.893111205e-11,2.369714883e-08
937,6.901206207e-13,3.393413676e-09,2.153493684e-09,9.893933329e-11,2.340167207e-08
938,6.815155806e-13,3.393413237e-09,2.15349349e-09,9.894668207e-11,2.310987948e-08
939,6.730178489e-13,3.393412804e-09,2.153493298e-09,9.895432249e-11,2.282172529e-08
940,6.646260447e-13,3.393412376e-09,2.153493108e-09,9.896238902e-11,2.253716408e-08
941,6.563388817e-13,3.393411954e-09,2.153492921e-09,9.897030031e-11,2.225615098e-08
942,6.481550649e-13,3.393411537e-09,2.153492736e-09,9.897727073e-11,2.197864182e-08
943,6.400733027e-13,3.393411125e-09,2.153492554e-09,9.898445434e-11,2.170459293e-08
944,6.320922701e-13,3.393410718e-09,2.153492373e-09,9.899234271e-11,2.143396108e-08
945,6.242107664e-13,3.393410316e-09,2.153492195e-09,9.899979474e-11,2.116670367e-08
946,6.164275937e-13,3.393409919e-09,2.153492019e-09,9.900683803e-11,2.090277884e-08
947,6.087413818e-13,3.393409527e-09,2.153491846e-09,9.901506142e-11,2.064214472e-08
948,6.01151069e-13,3.39340914e-09,2.153491674e-09,9.902259603e-11,2.038476044e-08
949,5.93655397e-13,3.393408758e-09,2.153491505e-09,9.90281249e-11,2.013058539e-08
950,5.862531597e-13,3.393408381e-09,2.153491337e-09,9.903561297e-11,1.987957982e-08
951,5.789432405e-13,3.393408008e-09,2.153491172e-09,9.904393612e-11,1.963170382e-08
952,5.717244386e-13,3.39340764e-09,2.153491009e-09,9.905117011e-11,1.93869186e-08
953,5.645956849e-13,3.393407276e-09,2.153490848e-09,9.905853706e-11,1.91451856e-08
954,5.575557726e-13,3.393406918e-09,2.153490689e-09,9.906457353e-11,1.890646678e-08
955,5.506037198e-13,3.393406563e-09,2.153490531e-09,9.907210782e-11,1.867072449e-08
956,5.437382773e-13,3.393406213e-09,2.153490376e-09,9.90781746e-11,1.843792161e-08
957,5.369584515e-13,3.393405867e-09,2.153490223e-09,9.908553831e-11,1.820802151e-08
958,5.302631776e-13,3.393405526e-09,2.153490071e-09,9.909251069e-11,1.798098806e-08
959,5.236514179e-13,3.393405189e-09,2.153489922e-09,9.909742486e-11,1.77567854e-08
960,5.171220317e-13,3.393404856e-09,2.153489774e-09,9.910523268e-11,1.753537837e-08
961,5.106741108e-13,3.393404527e-09,2.153489628e-09,9.911253368e-11,1.731673202e-08
962,5.043065909e-13,3.393404203e-09,2.153489484e-09,9.912031527e-11,1.710081191e-08
963,4.980184214e-13,3.393403882e-09,2.153489342e-09,9.91267498e-11,1.688758414e-08
964,4.918086805e-13,3.393403566e-09,2.153489202e-09,9.913329386e-11,1.667701505e-08
965,4.856764038e-13,3.393403253e-09,2.153489063e-09,9.913700485e-11,1.646907144e-08
966,4.796205162e-13,3.393402944e-09,2.153488926e-09,9.914505004e-11,1.626372076e-08
967,4.736401688e-13,3.393402639e-09,2.153488791e-09,9.915170944e-11,1.60609305e-08
968,4.677344055e-13,3.393402338e-09,2.153488657e-09,9.915762748e-11,1.586066889e-08
969,4.619022676e-13,3.393402041e-09,2.153488525e-09,9.916330829e-11,1.56629042e-08
970,4.561428582e-13,3.393401747e-09,2.153488395e-09,9.91709794e-11,1.546760553e-08
971,4.50455276e-13,3.393401457e-09,2.153488266e-09,9.917692915e-11,1.527474194e-08
972,4.448386443e-13,3.393401171e-09,2.153488139e-09,9.918235298e-11,1.50842831e-08
973,4.392919814e-13,3.393400888e-09,2.153488014e-09,9.919012542e-11,1.489619919e-08
974,4.338144679e-13,3.393400609e-09,2.15348789e-09,9.919376426e-11,1.471046049e-08
975,4.284052988e-13,3.393400333e-09,2.153487767e-09,9.920052812e-11,1.452703755e-08
976,4.230635675e-13,3.393400061e-09,2.153487646e-09,9.920551978e-11,1.434590188e-08
977,4.177884332e-13,3.393399792e-09,2.153487527e-09,9.921264488e-11,1.416702464e-08
978,4.125790452e-13,3.393399526e-09,2.153487409e-09,9.921889853e-11,1.399037775e-08
979,4.074346499e-13,3.393399264e-09,2.153487293e-09,9.922529698e-11,1.381593367e-08
980,4.023543968e-13,3.393399005e-09,2.153487178e-09,9.922931239e-11,1.364366453e-08
981,3.973374762e-13,3.393398749e-09,2.153487064e-09,9.923548816e-11,1.347354339e-08
982,3.923831489e-13,3.393398497e-09,2.153486952e-09,9.924312814e-11,1.330554353e-08
983,3.87490517e-13,3.393398247e-09,2.153486841e-09,9.924612497e-11,1.313963843e-08
984,3.826589633e-13,3.393398001e-09,2.153486732e-09,9.925265972e-11,1.297580191e-08
985,3.778876177e-13,3.393397758e-09,2.153486624e-09,9.926005692e-11,1.281400841e-08
986,3.731758196e-13,3.393397517e-09,2.153486517e-09,9.926225828e-11,1.265423211e-08
987,3.685226983e-13,3.39339728e-09,2.153486412e-09,9.926724079e-11,1.249644815e-08
988,3.639276341e-13,3.393397046e-09,2.153486308e-09,9.927418802e-11,1.234063157e-08
989,3.593898496e-13,3.393396814e-09,2.153486205e-09,9.927740973e-11,1.218675777e-08
990,3.549087046e-13,3.393396586e-09,2.153486104e-09,9.928675646e-11,1.203480265e-08
991,3.504833913e-13,3.39339636e-09,2.153486004e-09,9.929095737e-11,1.188474219e-08
992,3.461131807e-13,3.393396138e-09,2.153485905e-09,9.929374842e-11,1.173655287e-08
993,3.417975327e-13,3.393395918e-09,2.153485807e-09,9.930098559e-11,1.159021129e-08
994,3.375356977e-13,3.3933957e-09,2.15348571e-09,9.93033772e-11,1.144569448e-08
995,3.333269913e-13,3.393395486e-09,2.153485615e-09,9.931038678e-11,1.13029795e-08
996,3.291708067e-13,3.393395274e-09,2.153485521e-09,9.931672867e-11,1.116204412e-08
997,3.250663937e-13,3.393395065e-09,2.153485428e-09,9.93212283e-11,1.102286601e-08
998,3.210131649e-13,3.393394858e-09,2.153485336e-09,9.932206428e-11,1.088542326e-08
999,3.170105362e-13,3.393394654e-09,2.153485246e-09,9.933072937e-11,1.07496943e-08
1000,3.130577373e-13,3.393394452e-09,2.153485156e-09,9.933390919e-11,1.061565769e-08
1001,3.091542488e-13,3.393394253e-09,2.153485068e-09,9.933915643e-11,1.04832924e-08
1002,3.052994035e-13,3.393394057e-09,2.15348498e-09,9.934461682e-11,1.03525776e-08
1003,3.01492668e-13,3.393393863e-09,2.153484894e-09,9.93490535e-11,1.022349261e-08
1004,2.977334374e-13,3.393393671e-09,2.153484809e-09,9.93529064e-11,1.009601711e-08
1005,2.94021028e-13,3.393393482e-09,2.153484725e-09,9.935627772e-11,9.970131165e-09
