0.0001159609226,0.0002317739294,6.243355681e-05,-0.0004316921351,-0.001203144717,-0.002181730504,-0.003298961216,-0.004495606722,-0.005721977246,-0.006935781575,-0.008099395529,-0.009177489286,-0.01013545818,-0.01093878631,-0.01155335478,-0.01194629184,-0.01208692865,-0.01195440217,-0.01153296216,-0.01082320542,-0.009840900388,-0.008621063967,-0.007219239292,-0.005710413083,-0.00418532551,-0.002743991837,-0.001486734216,-0.0005032687941,0.0001397682334,0.0004122846336,0.0003481536089,0.0001206818362
7.010080628e-05,-0.0001259581237,-0.001012672204,-0.002584778804,-0.004759552468,-0.007404140814,-0.01037293378,-0.0135282984,-0.01674584239,-0.01991388622,-0.02293051085,-0.0257003458,-0.02813238858,-0.03013941933,-0.03163920934,-0.03255680323,-0.03282789241,-0.03241122441,-0.03127863414,-0.02944018169,-0.02694170772,-0.02387187952,-0.020363842,-0.01659224463,-0.01276493119,-0.009108663332,-0.005849059009,-0.003185637331,-0.001263404329,-0.0001423590663,0.0002401994728,0.0001318648782
-4.238391789e-05,-0.0007328857205,-0.002524657295,-0.005257069024,-0.008798776706,-0.01296970323,-0.01757060111,-0.02240930477,-0.02730729918,-0.03210052814,-0.03663733617,-0.04077579171,-0.04438200255,-0.04733018327,-0.04950475633,-0.05080349745,-0.05114245063,-0.0504688106,-0.04875135609,-0.04600994585,-0.04231304755,-0.03778619522,-0.03261389697,-0.02703601166,-0.02133746717,-0.0158301527,-0.01082673575,-0.006607461659,-0.00338259337,-0.001251232885,-0.0001655935414,6.586632366e-05
-0.0001627357661,-0.001398719393,-0.004170213728,-0.008097654866,-0.01297898446,-0.01858395219,-0.02466765907,-0.03099685287,-0.0373537698,-0.04353646643,-0.04935712449,-0.05463995114,-0.05922016127,-0.06294472677,-0.0656751389,-0.06729098299,-0.06769523861,-0.0668279382,-0.06465576254,-0.06120386612,-0.05655317871,-0.05085021655,-0.04431005134,-0.03721362946,-0.02989789606,-0.02273689595,-0.01611290432,-0.01037854379,-0.005813587661,-0.002574765938,-0.0006637171659,-1.520280582e-05
-0.0002754505441,-0.00205283894,-0.005807730395,-0.01091803211,-0.01709588842,-0.02405481415,-0.0315062641,-0.03918331316,-0.04683912992,-0.05424507733,-0.06118834217,-0.06746983716,-0.07290349714,-0.07731739984,-0.0805568719,-0.08248826149,-0.08300348319,-0.08203626248,-0.07954715397,-0.07555897972,-0.07015367188,-0.06348402798,-0.05577890778,-0.04734316474,-0.03855031587,-0.02982530218,-0.02161536654,-0.0143494292,-0.008390170011,-0.003973383952,-0.001176029207,-9.102754969e-05
-0.0003771227484,-0.002667279547,-0.007367019456,-0.01361255203,-0.02102423737,-0.02925572242,-0.03797571478,-0.04688825593,-0.05572457169,-0.06423772939,-0.07219859979,-0.07939301825,-0.08562083374,-0.09069694523,-0.09445441538,-0.09674834112,-0.09745857405,-0.09651095521,-0.09385311684,-0.08949628366,-0.08351151477,-0.07604413553,-0.06732243616,-0.05766185473,-0.04746220759,-0.03719434046,-0.02737279875,-0.01851363017,-0.01108118026,-0.005413569877,-0.001684339306,-0.0001579757375
-0.0004681656308,-0.003232243528,-0.008814327575,-0.01612265864,-0.02468739179,-0.03410267572,-0.04399654083,-0.05404789649,-0.06397149358,-0.073508521,-0.0824201794,-0.09048343301,-0.09748923598,-0.1032430059,-0.1075673989,-0.110306206,-0.111324512,-0.1105370383,-0.1078708576,-0.1033157993,-0.0969203832,-0.0888092949,-0.07919686848,-0.06839705207,-0.05682715663,-0.04500069919,-0.03350409098,-0.02295415318,-0.01393876815,-0.006924070957,-0.002201760811,-0.0002196008493
-0.0005492610886,-0.003743091513,-0.01013020661,-0.01841121034,-0.0280327872,-0.0385334603,-0.04950432228,-0.06060321833,-0.07153313645,-0.08202858244,-0.09184633487,-0.1007592749,-0.1085532876,-0.1150267394,-0.1199925212,-0.1232817295,-0.1247417238,-0.1242703394,-0.1217685007,-0.1171947156,-0.1105640077,-0.1019675219,-0.09159215357,-0.07973763436,-0.06682868212,-0.05341656717,-0.0401626592,-0.02779787094,-0.01705717605,-0.008564090308,-0.002754938597,-0.00028172434
-0.0006205001694,-0.004195673088,-0.01129966301,-0.02044945525,-0.03101809309,-0.04249474224,-0.05443866198,-0.06649109732,-0.07834771481,-0.08974088857,-0.1004274352,-0.1101801624,-0.1187830412,-0.1260293346,-0.1317224563,-0.1356790152,-0.1377292173,-0.1377354438,-0.1355810981,-0.1311804923,-0.1245051618,-0.1155999564,-0.1046101566,-0.09180670557,-0.07760846931,-0.06259529002,-0.04750208489,-0.03318400589,-0.02054681431,-0.01040531347,-0.003375440203,-0.0003505522709
-0.0006813841823,-0.004585127509,-0.01230853658,-0.02221140945,-0.03360456202,-0.04593536295,-0.05873714233,-0.07163930493,-0.0843345767,-0.09655750035,-0.1080690989,-0.1186458961,-0.1280730156,-0.136140599,-0.1426430995,-0.1473814842,-0.1501661806,-0.1508198133,-0.1492039349,-0.1451822991,-0.1386736606,-0.1296644781,-0.1182436476,-0.104636448,-0.08923838991,-0.07264262838,-0.05564915626,-0.03924142301,-0.02451755029,-0.01252185551,-0.004095844723,-0.0004321113715
-0.0007310339818,-0.004906048033,-0.01314297588,-0.0236725403,-0.0357552067,-0.0488044645,-0.06233383778,-0.07596572685,-0.08939429869,-0.1023605724,-0.1146340524,-0.1259990548,-0.1362454413,-0.1451629687,-0.1525386895,-0.1581581886,-0.1618099313,-0.1632770029,-0.1623920665,-0.1589661395,-0.1528570924,-0.143981974,-0.1323582261,-0.1181463495,-0.1016963808,-0.08359235554,-0.06468170961,-0.04607107326,-0.02906709305,-0.01498438065,-0.004948059235,-0.0005321935304
-0.0007684627952,-0.005153333479,-0.01379074059,-0.02481129638,-0.03743652504,-0.0510535494,-0.06516193212,-0.0793817569,-0.09341301168,-0.1070076696,-0.1199483892,-0.1320320486,-0.1430578753,-0.1528193998,-0.161099622,-0.167670902,-0.1723000289,-0.1747309159,-0.1747622074,-0.1721534272,-0.1666955597,-0.1582269,-0.1466786827,-0.1321258492,-0.1148465224,-0.09538565244,-0.07460980001,-0.05373138778,-0.0342720364,-0.01785635552,-0.005962729056,-0.0006565145058
-0.0007928770626,-0.005323452372,-0.01424369337,-0.02561262965,-0.03862289062,-0.05264171131,-0.06715988063,-0.08179954496,-0.09627088222,-0.110341562,-0.1238126424,-0.1364992811,-0.1482160895,-0.1587664066,-0.1679348874,-0.1754853211,-0.1811653783,-0.1846844611,-0.1857994843,-0.1842249533,-0.1796821267,-0.1719236524,-0.1607810582,-0.1462222944,-0.1284237152,-0.107854083,-0.08535929576,-0.0622251307,-0.04017986753,-0.02119109666,-0.007169106866,-0.00081096108
-0.0008040033189,-0.0054160126,-0.01450115885,-0.0260729908,-0.03930296454,-0.05354334748,-0.06828045309,-0.08314251626,-0.09785429924,-0.112204233,-0.1260176556,-0.1391347479,-0.1513930437,-0.1626138322,-0.1725918743,-0.1810901607,-0.1878428558,-0.1925357877,-0.1948717205,-0.1945320019,-0.1911703223,-0.1844498609,-0.1740912835,-0.1599348517,-0.1420233324,-0.1207061977,-0.09675752432,-0.07148688587,-0.0468008698,-0.0250287465,-0.008595020468,-0.001001877959
-0.0008024465561,-0.005435597737,-0.01457397699,-0.02620644127,-0.03948757839,-0.05375763186,-0.06850180857,-0.08335823993,-0.09807083352,-0.1124542332,-0.1263645347,-0.1396745928,-0.1522537784,-0.1639514776,-0.1745837528,-0.1839240765,-0.1917029696,-0.1976007746,-0.2012506337,-0.2023147949,-0.2003892337,-0.1950471355,-0.1858908266,-0.1726146878,-0.1550960802,-0.1335179205,-0.1085209744,-0.0813709026,-0.05409936191,-0.02939265249,-0.01026674829,-0.001236387867
-0.0007900914221,-0.0053938787,-0.01448917264,-0.0260516071,-0.03921854381,-0.05331891094,-0.06783948604,-0.08243229418,-0.09686544285,-0.1109857602,-0.1246870807,-0.137883195,-0.1504851742,-0.1623822006,-0.1734252081,-0.1834132198,-0.192087534,-0.1991354581,-0.2041359129,-0.2067272866,-0.2064662825,-0.2028394783,-0.1953294456,-0.1834714195,-0.1669480569,-0.145726791,-0.1202452157,-0.09163940536,-0.06198414512,-0.03428491527,-0.01220876138,-0.001522781607
-0.0007705786869,-0.005312092348,-0.01429528447,-0.02567927742,-0.03857781349,-0.05230700791,-0.06635785296,-0.08040125313,-0.0942356712,-0.1077468869,-0.1208738615,-0.1335797304,-0.1458272945,-0.157557791,-0.1686719004,-0.1790121981,-0.1883501485,-0.1963851809,-0.2027056735,-0.2068797452,-0.2084615322,-0.206860492,-0.2014451891,-0.1915855846,-0.1767456692,-0.1566298325,-0.1313970479,-0.1019515749,-0.07029831415,-0.03968113076,-0.01444347481,-0.001871087837
-0.0007499410757,-0.005224139724,-0.01406859169,-0.02520054964,-0.03769635179,-0.05085617237,-0.06417912808,-0.07736232034,-0.09024281097,-0.1027534014,-0.114885973,-0.1266610678,-0.1381024414,-0.1492149015,-0.1599637565,-0.1702545411,-0.1799127436,-0.1886720175,-0.1961713819,-0.2018875348,-0.205408353,-0.2060869886,-0.2031903132,-0.1959261088,-0.1835244487,-0.1653842071,-0.1413083377,-0.1118530751,-0.07880856879,-0.04552450348,-0.01699138934,-0.002294065368
-0.0007375903769,-0.005180844048,-0.01392076373,-0.02477550306,-0.03676188347,-0.04916097894,-0.06148746434,-0.07347633211,-0.08501500534,-0.09609345796,-0.1067648586,-0.1171144558,-0.1272343213,-0.1372018977,-0.1470596519,-0.1567936921,-0.166308013,-0.1754007868,-0.1838039082,-0.1909088418,-0.1963536161,-0.1994764748,-0.199461817,-0.1953715904,-0.1862003821,-0.1710090907,-0.1491700721,-0.1207651196,-0.08719363111,-0.05171938284,-0.01987227661,-0.002809095526
-0.0007480616126,-0.005256386075,-0.01400879568,-0.02462228085,-0.0360241314,-0.04747658227,-0.05852447251,-0.06895962802,-0.07873695191,-0.08791682173,-0.09662298552,-0.1050117668,-0.1132482036,-0.1214873875,-0.1298565622,-0.1384341324,-0.1472229373,-0.1561189127,-0.1649447334,-0.1731905897,-0.1804061069,-0.1860116164,-0.1891373557,-0.188734853,-0.1835822179,-0.1723864296,-0.1540238622,-0.127970541,-0.09503007854,-0.05812357858,-0.02310825597,-0.003441834634
-0.0008043402242,-0.005558683504,-0.01454830754,-0.02502576438,-0.03579468225,-0.04610877619,-0.05557037216,-0.06405802305,-0.07161861279,-0.07840023273,-0.08460784591,-0.09047447748,-0.09623977388,-0.1021367477,-0.1083791486,-0.115142235,-0.1225404584,-0.1305940574,-0.139208339,-0.1481569339,-0.1568111536,-0.1647564407,-0.1711169646,-0.1747898586,-0.1743827194,-0.1682571875,-0.1547463282,-0.1325919595,-0.1017714961,-0.06453707082,-0.02672940024,-0.00423303128
-0.0009444206459,-0.006246569131,-0.01583087499,-0.02634281655,-0.03643512486,-0.04538511114,-0.05290048561,-0.05899161763,-0.06383092868,-0.06767614997,-0.07082556676,-0.07359423704,-0.07629499943,-0.07923429759,-0.08270790614,-0.08698398802,-0.0922894197,-0.09877997008,-0.1064872996,-0.1154442482,-0.1249909153,-0.1348992148,-0.1443618573,-0.1522978201,-0.1572262537,-0.1572086937,-0.1500195045,-0.1335536219,-0.1067127288,-0.07068118117,-0.03078106323,-0.005250486995
-0.001234321157,-0.007557940201,-0.01824372478,-0.02899539755,-0.03831942456,-0.04558970646,-0.05069787672,-0.05385034582,-0.05538805903,-0.05570441514,-0.05520399622,-0.05428970904,-0.05334217225,-0.05273327684,-0.05283029871,-0.05397881758,-0.05650136555,-0.06067945707,-0.0666875261,-0.07482532751,-0.08452252173,-0.09577041668,-0.1079276899,-0.1200333975,-0.1306534997,-0.1376511157,-0.1382796538,-0.1295143574,-0.1089246471,-0.07615551568,-0.03532785254,-0.006608117273
-0.001793617507,-0.009853729506,-0.0222826791,-0.0334296009,-0.04174038834,-0.04682727284,-0.04888580306,-0.0484036214,-0.04593997789,-0.04205163274,-0.03726048184,-0.0320653624,-0.02690403496,-0.0222105736,-0.01840301943,-0.0158783211,-0.01502163703,-0.016207551,-0.01974610168,-0.02612221532,-0.03512320418,-0.04684717076,-0.06097921275,-0.07680390652,-0.09312291647,-0.1077820164,-0.117636159,-0.1187551565,-0.1071354066,-0.0803483709,-0.04043863161,-0.008491753985
-0.002843819273,-0.01367899608,-0.02852887943,-0.03998901706,-0.04669704277,-0.0487484923,-0.04681129553,-0.04175605252,-0.03440664517,-0.02550898904,-0.01570600217,-0.005603551319,0.004324167223,0.01352518057,0.02161323822,0.02817417033,0.03279705561,0.03506109908,0.03455551521,0.03083584146,0.02336547787,0.01227796455,-0.002780112138,-0.02148713681,-0.04300355606,-0.06550978602,-0.08572885044,-0.098987267,-0.09951593206,-0.08225465747,-0.04611543869,-0.01118134351
-0.004792780757,-0.01982219208,-0.03750712713,-0.04858539119,-0.05243266669,-0.05000412361,-0.04264959638,-0.0317215062,-0.01832849729,-0.003437630699,0.01217635687,0.02772212271,0.04274134433,0.05675490984,0.0693751488,0.08019058055,0.08877885349,0.09469198226,0.09745539626,0.09658411002,0.09135972103,0.08165614817,0.06684512077,0.04666226926,0.02136446931,-0.008403510945,-0.03951391635,-0.06700608556,-0.0832795828,-0.08011136498,-0.05208692784,-0.01502933729
-0.008353612335,-0.02928049853,-0.04921168856,-0.05790346933,-0.05645392773,-0.04716799903,-0.03229538066,-0.01372586994,0.007175488594,0.02895102525,0.05082569432,0.07218036689,0.09256158656,0.1115534174,0.1287899797,0.1438878103,0.1564380203,0.1659895923,0.1720380053,0.1740467943,0.1712442143,0.1631527663,0.148979055,0.1281147589,0.1002390835,0.06528313116,0.02466515554,-0.01826178707,-0.05397655259,-0.07065894109,-0.0572963742,-0.02027141344
-0.0145803175,-0.04279317446,-0.06175008455,-0.06353443082,-0.05245433543,-0.03262200255,-0.007354411544,0.02100290595,0.05025292364,0.07945960874,0.1079224589,0.1351556671,0.1607993079,0.1845350252,0.2060635959,0.225061026,0.2411613512,0.2539392477,0.2628933345,0.2674573949,0.2668753602,0.2603478215,0.2469674678,0.2258064948,0.1960147676,0.1568879378,0.1085639518,0.05280346684,-0.004526207418,-0.04769483591,-0.05868889345,-0.02631033062
-0.02407002621,-0.05864765927,-0.06754438831,-0.05359803557,-0.02599759128,0.009447114364,0.04785443011,0.08676972161,0.1248186099,0.1613151122,0.1958440798,0.2281587158,0.2580866348,0.2854676326,0.3101250216,0.3318358515,0.3503140618,0.3651953841,0.376018704,0.3822321212,0.3831335141,0.3777086457,0.3650280094,0.3439404079,0.3131734563,0.2713311231,0.2172316552,0.1506312361,0.0745558609,0.000388665538,-0.0485324306,-0.02960135519
-0.03210662415,-0.06435415807,-0.04259673094,0.001547654011,0.05398243651,0.1076269771,0.1594525806,0.2081248736,0.2532148749,0.2946973564,0.3326784586,0.3673028078,0.3986948798,0.4269256871,0.4519980157,0.4738337883,0.4922661065,0.5070308203,0.5177486648,0.5239521632,0.5249883781,0.5198739074,0.5077524956,0.4874126596,0.457329515,0.4155160054,0.3595006595,0.2866126544,0.195959331,0.09277110223,-0.008751950099,-0.01842536759
-0.006112914261,-0.008299461335,0.08159467119,0.1682148651,0.2449707329,0.312517723,0.3712916342,0.4223419692,0.4668665178,0.5058976782,0.5402550596,0.5705694289,0.5973043636,0.6207760703,0.6411718995,0.6585627572,0.6729117797,0.6840773224,0.6918003274,0.6958095837,0.6953995495,0.6900705689,0.6791014185,0.661445854,0.6356336596,0.5994753827,0.5496405836,0.4811477282,0.3879608661,0.2633513532,0.1021360907,0.0430008586
0.2456318725,0.3224724475,0.4733273585,0.5783333293,0.6491095487,0.7008895572,0.7401053601,0.7705798612,0.794925987,0.8148459329,0.8314435207,0.8454460704,0.8573318991,0.8674071434,0.8758543984,0.8827626588,0.8881455122,0.8919506352,0.8940694696,0.8943408811,0.8925575853,0.8885437615,0.8819434038,0.8722331834,0.8586052782,0.8396721741,0.8128482295,0.7730978542,0.7110273043,0.6052500958,0.4165385363,0.2877643661
