9.68841002e-05,0.0001899690785,2.444631349e-05,-0.000456353916,-0.001220368272,-0.002198768367,-0.003320317226,-0.004523496155,-0.005757323332,-0.006978700292,-0.008149398384,-0.009233616547,-0.01019636432,-0.01100269451,-0.01161776722,-0.0120080052,-0.01214419846,-0.01200735339,-0.01158058346,-0.0108641319,-0.009875367647,-0.008650488223,-0.007245692191,-0.005736205193,-0.004212606303,-0.002774515722,-0.001522011413,-0.000544835258,9.208057017e-05,0.0003695736405,0.000340300344,0.0001304061803
3.055436009e-05,-0.0001717149264,-0.001004807678,-0.002555403847,-0.004738321004,-0.007406982058,-0.0104078176,-0.01359864909,-0.01685243969,-0.0200557747,-0.02310549798,-0.02590527976,-0.02836321204,-0.03039090947,-0.03190427936,-0.03282657616,-0.03309552863,-0.03267225726,-0.03152542576,-0.02966371655,-0.02713538211,-0.02403129422,-0.02048662395,-0.01667814952,-0.01281595752,-0.009129212557,-0.005846256706,-0.003169611235,-0.001245901553,-0.0001295777586,0.0002570544784,0.0001436128691
-0.0001414358772,-0.0008550542627,-0.002540275305,-0.005246460991,-0.008807657916,-0.01301239581,-0.01765342618,-0.02253593931,-0.0274792662,-0.03231710148,-0.03689581833,-0.04107192408,-0.0447102003,-0.04768337088,-0.04987359725,-0.05117669493,-0.05151153203,-0.05082813585,-0.04909172943,-0.04632089676,-0.04258720778,-0.03801883687,-0.03280262514,-0.02718081102,-0.02144069616,-0.0158963577,-0.01086228937,-0.006620384361,-0.003383529985,-0.001258251142,-0.0002014599005,3.799374699e-05
-0.0003354166478,-0.001618186162,-0.004222242939,-0.008119274938,-0.01303257122,-0.01867888156,-0.02480577986,-0.03118053537,-0.03758468995,-0.04381412075,-0.0496786556,-0.05500059033,-0.05961361763,-0.06336312971,-0.06610821251,-0.0677264161,-0.06812421457,-0.06724506753,-0.06505197152,-0.06156897226,-0.05688056407,-0.05113604578,-0.04455272844,-0.03741367088,-0.03005769523,-0.022860078,-0.01620318191,-0.01043914295,-0.005851389139,-0.002621017917,-0.0007811326928,-0.0001008927808
-0.0005207674009,-0.002362333772,-0.00588222831,-0.01095719247,-0.01718176539,-0.02419221228,-0.03169177282,-0.03941694611,-0.04712186636,-0.05457614694,-0.06156460349,-0.06788618642,-0.07335332343,-0.07779257202,-0.08104679583,-0.08297997479,-0.08348788505,-0.08250835287,-0.07999793394,-0.07597810934,-0.07053454972,-0.06382282534,-0.05607389521,-0.0475945357,-0.03875987262,-0.02999550397,-0.02174753112,-0.0144428691,-0.008449732619,-0.004047394293,-0.001373835421,-0.0002375667459
-0.0006907875929,-0.003057558522,-0.007453368412,-0.01365734382,-0.0211303623,-0.02942446019,-0.03819864232,-0.04716276976,-0.05605058116,-0.06461393436,-0.07262149641,-0.0798572588,-0.08611970288,-0.09122238447,-0.09499595398,-0.09729253368,-0.09799588087,-0.09703676204,-0.09435840717,-0.08997008613,-0.08394653689,-0.07643579376,-0.06766814639,-0.05796090488,-0.04771547134,-0.03740310462,-0.02753635508,-0.01862817083,-0.01115088029,-0.005506286102,-0.00195952594,-0.0003658630762
-0.0008451280935,-0.003695621901,-0.008907323042,-0.01616673076,-0.02480562519,-0.03429369168,-0.04424750579,-0.05435377779,-0.06433113531,-0.07392008691,-0.08287985697,-0.09098575011,-0.0980275453,-0.1038095738,-0.1081522692,-0.1108957202,-0.1119085515,-0.1111113036,-0.1084264748,-0.103841022,-0.09740680595,-0.08925118854,-0.07959046951,-0.06874051073,-0.057120318,-0.04524371041,-0.03369435432,-0.02308501743,-0.01401437445,-0.007033373634,-0.002556718953,-0.0004914977065
-0.000983759208,-0.004272050193,-0.01022696773,-0.0184509943,-0.02815718289,-0.03873901926,-0.04977445297,-0.06093080675,-0.0719161337,-0.08246473969,-0.09233166051,-0.1012883161,-0.1091196166,-0.1156231209,-0.1206098489,-0.1239067864,-0.1253636739,-0.1248846145,-0.1223668368,-0.1177649079,-0.1110962757,-0.1024548475,-0.092029535,-0.08012207573,-0.06715904085,-0.05369189563,-0.04037843025,-0.02794448735,-0.01713889312,-0.008692481063,-0.003197869862,-0.0006236925783
-0.001105935438,-0.004781855541,-0.01139765818,-0.02048218031,-0.03114343711,-0.04270759023,-0.05471927854,-0.06683065654,-0.0787434823,-0.09019035238,-0.1009265581,-0.1107236301,-0.1193647352,-0.1266425674,-0.13235926,-0.1363280477,-0.1383788335,-0.138378903,-0.1362114566,-0.1317861965,-0.1250749335,-0.1161254893,-0.1050853169,-0.09222749727,-0.07797293417,-0.06290148607,-0.04774343855,-0.03334759657,-0.02063681093,-0.01055785901,-0.003919909089,-0.0007724341923
-0.001210374992,-0.005219203137,-0.01240505314,-0.02223445652,-0.03372587782,-0.04614847895,-0.05901974416,-0.07198119004,-0.08473250179,-0.097008807,-0.1085698007,-0.119190893,-0.1286565404,-0.1367565457,-0.1432848728,-0.1480402807,-0.1508297256,-0.151478798,-0.1498529322,-0.1458107941,-0.1392691945,-0.1302177338,-0.1187476344,-0.1050864896,-0.08963204816,-0.07297720607,-0.05591592413,-0.03942358601,-0.02461873838,-0.01270537768,-0.004760802412,-0.00094782551
-0.001295553929,-0.005577934223,-0.01323519958,-0.02368341818,-0.03586775796,-0.04901115777,-0.06261030332,-0.07630066193,-0.08978405866,-0.1028023953,-0.1151240243,-0.1265322906,-0.1368164924,-0.1457662814,-0.153169152,-0.1588097507,-0.1624702209,-0.1639347834,-0.163042944,-0.1596006458,-0.1534623704,-0.1445482006,-0.1328779826,-0.1186147602,-0.10211108,-0.08395033182,-0.06497211378,-0.0462726586,-0.02918242748,-0.01520727366,-0.005758167799,-0.001160023334
-0.00136002456,-0.005852490745,-0.01387591714,-0.02480773075,-0.0375359343,-0.05124765921,-0.06542481095,-0.0797012066,-0.09378500032,-0.1074292733,-0.1204156889,-0.1325402879,-0.1436018149,-0.1533938945,-0.1617009061,-0.1682957827,-0.1729371669,-0.1753679505,-0.1753947022,-0.1727729113,-0.1672898892,-0.1587864491,-0.1471961608,-0.1325968445,-0.1152695024,-0.09575802389,-0.07491891544,-0.05395120959,-0.03440375671,-0.01812847705,-0.006948718855,-0.001419377963
-0.001402813495,-0.006039256368,-0.01431924715,-0.02559261963,-0.03870526408,-0.05281784388,-0.06740275062,-0.08209618277,-0.09661677342,-0.1107334447,-0.1242464062,-0.1369701285,-0.1487188225,-0.159296031,-0.1684884996,-0.1760623485,-0.1817573753,-0.1852791915,-0.1863906897,-0.1848048178,-0.1802404917,-0.1724519793,-0.1612729079,-0.1466744988,-0.1288365306,-0.1082263665,-0.08567737803,-0.062458396,-0.04032845501,-0.02152346824,-0.008368071541,-0.001736681363
-0.001423912833,-0.00613828233,-0.01456477152,-0.02603481108,-0.03936500617,-0.05369714219,-0.06849833686,-0.0834107778,-0.09816772395,-0.1125589196,-0.1264090045,-0.1395576733,-0.1518421876,-0.1630840398,-0.1730803455,-0.1815982994,-0.1883674924,-0.1930660401,-0.195397304,-0.1950453969,-0.1916644213,-0.1849183391,-0.1745293437,-0.1603413531,-0.1424013295,-0.1210572848,-0.09706833123,-0.07172334065,-0.0469635667,-0.02543287067,-0.0100505604,-0.002123463521
-0.001424856424,-0.006155339713,-0.01462362033,-0.0261485648,-0.03952667398,-0.05388604321,-0.06869163082,-0.08359492588,-0.09834811008,-0.1127671302,-0.1267075629,-0.1400420683,-0.1526399842,-0.1643508637,-0.1749929121,-0.184345487,-0.1921405778,-0.1980451783,-0.2016863519,-0.2027347599,-0.2007895832,-0.1954250057,-0.1862437478,-0.1729441088,-0.1554087321,-0.1338195004,-0.1088002659,-0.08159269657,-0.05426808562,-0.02987917301,-0.01202877994,-0.002592280285
-0.001409384123,-0.00610428105,-0.01452305828,-0.0259725036,-0.03923278885,-0.05342049115,-0.06800054814,-0.08263717262,-0.09710627191,-0.1112559403,-0.1249797457,-0.1381916988,-0.1508032286,-0.1627037052,-0.1737455854,-0.1837343416,-0.1924191952,-0.1994741094,-0.2044640896,-0.2070326303,-0.2067466468,-0.2030974478,-0.1955656518,-0.1836902302,-0.1671604145,-0.1459436567,-0.120459657,-0.09181873866,-0.06214258589,-0.03486123055,-0.01433264464,-0.003156964059
-0.001384229892,-0.006009786148,-0.01431165955,-0.02557703226,-0.03856597426,-0.05238220096,-0.06649232218,-0.08057762036,-0.09444370707,-0.1079776755,-0.121118639,-0.1338305504,-0.146077174,-0.1578001529,-0.1689009221,-0.179227266,-0.1885621286,-0.1966030775,-0.2029168734,-0.2070586905,-0.2086032444,-0.2069747694,-0.2015366985,-0.1916616066,-0.1768211802,-0.1567214193,-0.1315039028,-0.1020482986,-0.07041804497,-0.04034739584,-0.0169878539,-0.003832830237
-0.001360128852,-0.005910721071,-0.01406526002,-0.02507224524,-0.03765779285,-0.05090768725,-0.06429258291,-0.07751749849,-0.09042601128,-0.1029525842,-0.1150900006,-0.1268604836,-0.1382896257,-0.1493831495,-0.1601064109,-0.1703676103,-0.1800045364,-0.1887658876,-0.196264094,-0.2019377814,-0.20540354,-0.2060432929,-0.2031173163,-0.1958333898,-0.1834294324,-0.1653078642,-0.1412565295,-0.1118127279,-0.07884414804,-0.04626731206,-0.02001367407,-0.004636847256
-0.001353235584,-0.005864577578,-0.0138941177,-0.02461631259,-0.03669657752,-0.04919440531,-0.06158961025,-0.07362213003,-0.08518570213,-0.09627299475,-0.1069394137,-0.1172731172,-0.1273691933,-0.1373068119,-0.1471280031,-0.1568185812,-0.1662932392,-0.1753808675,-0.1837857261,-0.1908403801,-0.1962104709,-0.1992753681,-0.1992185682,-0.195096726,-0.1859102524,-0.1707254197,-0.1489033356,-0.1205182171,-0.08707705024,-0.05250236635,-0.02341996464,-0.005587777083
-0.00138728664,-0.005953777702,-0.01395195433,-0.02442424868,-0.03593300728,-0.04750154713,-0.0586302277,-0.06911283517,-0.07891161853,-0.08809199119,-0.09678221721,-0.1051431754,-0.1133444223,-0.121543922,-0.1298683907,-0.1383937724,-0.1471287376,-0.1560011747,-0.1648247566,-0.1730288701,-0.1801559845,-0.1856748536,-0.1887383124,-0.1882835779,-0.1830885472,-0.1718664098,-0.1534863746,-0.1274339642,-0.09466515715,-0.05887423071,-0.02720327865,-0.006706351544
-0.001497008342,-0.0062949392,-0.01444756376,-0.02477631223,-0.03568080286,-0.0461411246,-0.05570159474,-0.06424099764,-0.07181726845,-0.07858810962,-0.08476666573,-0.09059244222,-0.0963112752,-0.1021604841,-0.1083533936,-0.1150616595,-0.1223980041,-0.1304016868,-0.13900893,-0.1479436697,-0.1565022822,-0.1643267285,-0.1705991824,-0.1741915076,-0.1736997277,-0.1674903663,-0.1538906135,-0.1316726178,-0.101028436,-0.06512892458,-0.03134129372,-0.008015688393
-0.001733434148,-0.007052286809,-0.01565892347,-0.02602323231,-0.03630666509,-0.04545089774,-0.0530886443,-0.05923287723,-0.06407593582,-0.06789315941,-0.07099650664,-0.07370929626,-0.07635210359,-0.0792374251,-0.08266023739,-0.08688453524,-0.0921281261,-0.09855220696,-0.1062564217,-0.1152292944,-0.1246790465,-0.1344375372,-0.1437848491,-0.1516084657,-0.1563975708,-0.1562131586,-0.1488169326,-0.1321544463,-0.1054225558,-0.07090989984,-0.03578265993,-0.009542107457
-0.002172027151,-0.008456037138,-0.01794732259,-0.02858054044,-0.0381966389,-0.0457324057,-0.05098788101,-0.0541845187,-0.05570131785,-0.05596178538,-0.0553913969,-0.05440206596,-0.05338421831,-0.05271853972,-0.05276868085,-0.05387587645,-0.05634942815,-0.06046367662,-0.06647992693,-0.07466593046,-0.08428235499,-0.09536178311,-0.1073761355,-0.1193428002,-0.1297634006,-0.1364881808,-0.136736867,-0.127546715,-0.1068769051,-0.07570910971,-0.0404242727,-0.01131523342
-0.002925435482,-0.0108262504,-0.02176388664,-0.03289397815,-0.04167178475,-0.04712056309,-0.04934049154,-0.04886850751,-0.04633558125,-0.04234604821,-0.03745080079,-0.03215515559,-0.0269085299,-0.02216063623,-0.0183180771,-0.01577179195,-0.01489567993,-0.01604990563,-0.01961663358,-0.02607974173,-0.0350448449,-0.04660931572,-0.06058722048,-0.07626587234,-0.0923223643,-0.1065838088,-0.1158291926,-0.1161744561,-0.1040984966,-0.07878360362,-0.04505971383,-0.01336161405
-0.00416621469,-0.01460448637,-0.02763148454,-0.03933605673,-0.04679500307,-0.04931616646,-0.04751307605,-0.04238254554,-0.03487804625,-0.02581344824,-0.0158677087,-0.005651161456,0.004377308607,0.01363904117,0.02175111161,0.0283136632,0.03292364516,0.03517514006,0.03463821848,0.03082592896,0.02328098853,0.01222020181,-0.002775896361,-0.02135715614,-0.04255799248,-0.06456280336,-0.08389949231,-0.09589972396,-0.09533562514,-0.07902519632,-0.04927062887,-0.01567386713
-0.006171758374,-0.02039802416,-0.03606021319,-0.04793880953,-0.05293775239,-0.05103765317,-0.04368813892,-0.03251525314,-0.01884276566,-0.003712199296,0.01209896523,0.02777319929,0.04288284662,0.05695737062,0.06959798614,0.08040438575,0.08896145137,0.09483369409,0.09755109224,0.09656874125,0.09118129766,0.08136134319,0.06648792972,0.046328869,0.02113081536,-0.008265116022,-0.03825887041,-0.06393834567,-0.07816441896,-0.07474482801,-0.05220280714,-0.01810576496
-0.009392099571,-0.02899634528,-0.04724843738,-0.05770904361,-0.05780302742,-0.0488959356,-0.03370761943,-0.01461660822,0.006740828342,0.02883346985,0.0509133858,0.07240185196,0.09286483177,0.1119004239,0.1291408522,0.1442115456,0.1567098497,0.1661949584,0.1721766512,0.1740746364,0.1710955792,0.1628337593,0.148488521,0.1274280482,0.09932283662,0.06443266531,0.02454999345,-0.01649768552,-0.04903358849,-0.06320703668,-0.05206279001,-0.02005286122
-0.01437007311,-0.04097148665,-0.05998342137,-0.06483318933,-0.0552382196,-0.03512599056,-0.008926857493,0.02035041894,0.05017378328,0.0796911744,0.1083299402,0.1356626391,0.161353475,0.1850989166,0.2066035652,0.2255504413,0.2415791658,0.2542732975,0.2631503483,0.2676279844,0.2669008261,0.2601838171,0.2465652014,0.2250832635,0.1948396202,0.1552590237,0.1067601662,0.05190872231,-0.002102253405,-0.03941878184,-0.0448690502,-0.01952276749
-0.02044428281,-0.05398320071,-0.0677345151,-0.05802652498,-0.03053615667,0.00676082319,0.04700448122,0.0869761329,0.1255093922,0.1621843746,0.196770698,0.2290921765,0.2589971773,0.286333736,0.3109278926,0.3325610874,0.3509518786,0.3657447181,0.3765038266,0.3826893212,0.3835330704,0.3779733707,0.3650874518,0.3436898577,0.3123746282,0.2696248604,0.2142211179,0.1465114776,0.07191206913,0.006940456582,-0.02137306237,-0.01059998265
-0.01877594711,-0.05139125454,-0.04627492386,-0.007064346274,0.04895232183,0.1065037063,0.1605487205,0.2099967716,0.2551465414,0.296463719,0.3342664381,0.3687440008,0.4000116195,0.428128446,0.4530913477,0.4748218766,0.4931557908,0.5078388217,0.5185293754,0.5247843298,0.525877414,0.5207541786,0.5085992696,0.4881820221,0.4577684378,0.4149596026,0.3566762967,0.2802201615,0.187784027,0.09627954746,0.03991555121,0.0228089735
0.03568832712,0.03488088996,0.08075628174,0.1593121871,0.2415378886,0.3138918879,0.3745720862,0.4257057251,0.4696814539,0.5081517131,0.5421094389,0.5721616386,0.5987122256,0.622038038,0.6423088353,0.6595900099,0.6738450559,0.6849436397,0.6926785812,0.6967874126,0.6964861733,0.6912447842,0.6804374516,0.6630280975,0.6373446636,0.6006154011,0.5483781035,0.4748050057,0.3771780513,0.2685639179,0.186005923,0.1217595025
0.3321855742,0.4201804812,0.4965014756,0.5781102516,0.6484349088,0.7021401643,0.7418382891,0.7718960358,0.7956908049,0.8152529266,0.8316981914,0.8456612066,0.8575417664,0.8676080869,0.8760321428,0.8829033859,0.888239651,0.8920012141,0.8941051195,0.89438537,0.8925991472,0.8885850858,0.882050288,0.872492639,0.8590081526,0.8398225444,0.811445506,0.7678974697,0.7022172992,0.6148893828,0.5252204108,0.398927312
