-9.923847962e-05,-3.221568942e-05,0.0001311374573,0.0002948381436,0.0004242283763,0.0005149844179,0.0005721830747,0.0006018896409,0.0006088803893,0.0005962981164,0.0005658104105,0.0005179676904,0.0004526635649,0.0003696130202,0.0002688260455,0.0001511515693,1.891944193e-05,-0.0001237178806,-0.0002707892795,-0.0004145843909,-0.0005457054989,-0.000653585184,-0.0007275412671,-0.0007581601189,-0.0007387881412,-0.0006668828238,-0.0005449731714,-0.0003812906288,-0.0001911905151,-2.389016905e-06,0.0001337825172,0.0001295779676
-0.0001974555532,0.000164437552,0.0008052842168,0.001438409397,0.001949761857,0.002316905468,0.00255058547,0.002668574698,0.002686793748,0.002616825543,0.002465738993,0.00223704863,0.001932268191,0.001552655837,0.001100981072,0.0005833895071,1.124981991e-05,-0.000598099651,-0.001220221365,-0.001823532305,-0.002370312498,-0.002819011832,-0.003128174101,-0.003261542904,-0.003193724982,-0.002915612549,-0.002438699549,-0.001798167553,-0.001057295869,-0.0003203025339,0.000239021481,0.0003466475869
-2.802953155e-05,0.001012991396,0.002450490849,0.003832992285,0.004960832452,0.005781297624,0.006303802736,0.006556785763,0.006569727963,0.006366355674,0.005963054106,0.005370190211,0.004594998854,0.00364506242,0.00253186451,0.001274255856,-9.85801006e-05,-0.001545952403,-0.003011966274,-0.004425112879,-0.005701389248,-0.006749618371,-0.007479566019,-0.007812476535,-0.007693114816,-0.007101902737,-0.006065386639,-0.004663967649,-0.003039138315,-0.00140866221,-9.936270417e-05,0.0004190818812
0.0004961630183,0.002675185183,0.005227779565,0.007597462658,0.009520455892,0.01091794272,0.01179791054,0.01219980526,0.0121681854,0.01174130821,0.01094785729,0.009808562039,0.00834050589,0.006562490345,0.004500469625,0.002192584718,-0.0003067319362,-0.002924667753,-0.005563729442,-0.008100786088,-0.01039253682,-0.01228430636,-0.0136229938,-0.01427401677,-0.01414124841,-0.01318796578,-0.01145587789,-0.009079388616,-0.006295420807,-0.003456209488,-0.001054951827,0.0002551671191
0.001388667368,0.005173394469,0.009129534294,0.01266465896,0.01549060778,0.017522072,0.01877466484,0.0193030488,0.01916911693,0.01842739807,0.01712080308,0.01528285433,0.01294351032,0.01013636899,0.006905826981,0.003313497122,-0.000556500283,-0.004594231603,-0.008655879445,-0.0125611541,-0.0161007742,-0.01904841698,-0.02117831312,-0.02228875271,-0.0222306631,-0.02093888017,-0.01846186573,-0.01498461889,-0.01084190065,-0.006526252651,-0.002698808149,-0.0001804931181
0.002629115815,0.008474011204,0.01410588286,0.01895650812,0.0227570423,0.02544294214,0.0270530075,0.02766539951,0.02736354654,0.02622048156,0.02429487034,0.02163449535,0.0182838345,0.01429310078,0.009726996767,0.004672356873,-0.0007554192009,-0.006407771251,-0.0120943695,-0.01757640845,-0.02257559763,-0.02678851287,-0.02990808319,-0.03165325664,-0.03180654704,-0.03025697639,-0.02704295729,-0.02238702795,-0.01671520669,-0.01066060425,-0.005055538563,-0.0008873397979
0.004188199269,0.01252370069,0.02009281397,0.02639924936,0.03123400408,0.03458228289,0.0365247369,0.03717405514,0.03664120545,0.03502075736,0.03238858408,0.02880740831,0.02433652051,0.01904279405,0.01301106741,0.00635298571,-0.0007855675106,-0.00821852727,-0.01571223265,-0.02297059877,-0.02964518838,-0.03535091683,-0.03969023105,-0.04228812772,-0.0428386714,-0.04116095335,-0.03725820956,-0.03136910154,-0.0239984249,-0.01591984765,-0.008148984521,-0.001859634496
0.00603560007,0.01725961932,0.02701255752,0.03490839782,0.04083365061,0.04485101101,0.04710226612,0.04774685835,0.04693034129,0.04477239007,0.04136744745,0.03679314937,0.03112265011,0.02443787255,0.01684169907,0.008468150656,-0.0005092615457,-0.009869908472,-0.01934232464,-0.02857658226,-0.03715463449,-0.0446058923,-0.05043256857,-0.05414881023,-0.05533575125,-0.05371157095,-0.04921035467,-0.04205623706,-0.03281371497,-0.02239692124,-0.0120266748,-0.003103597726
0.008140376503,0.02261155844,0.03477380691,0.04438353856,0.0514537809,0.05614997863,0.05869350056,0.05930281553,0.05816542616,0.05542985483,0.05121027356,0.04559854087,0.03867961516,0.0305473719,0.02131886406,0.01114606732,0.0002253979083,-0.01119296722,-0.02280507284,-0.03421376853,-0.04493420781,-0.05440779041,-0.06202702493,-0.06717708791,-0.06929820698,-0.06797020482,-0.06301446402,-0.05459855536,-0.04331776947,-0.03022330448,-0.01677026502,-0.004643182864
0.01046977197,0.02850235726,0.0432736412,0.05470993796,0.06297740001,0.06836648859,0.07119501969,0.07175215522,0.07027458004,0.06694334785,0.06189326545,0.0552291292,0.04704466758,0.03744128557,0.02654472138,0.01451868202,0.001576000628,-0.01200993178,-0.02590775061,-0.03968296502,-0.05278951663,-0.06458054512,-0.07433103958,-0.08127950727,-0.08469544954,-0.08397745673,-0.07878069658,-0.06916013089,-0.05569824938,-0.03957082285,-0.02249873925,-0.006520976427
0.01298833447,0.0348480391,0.0523991598,0.06576067725,0.07527402603,0.08137374804,0.08448910908,0.08499077309,0.08317155336,0.0792486222,0.07337814178,0.06567611478,0.0562412098,0.04517678967,0.03261039881,0.01870983062,0.00369649207,-0.01214061604,-0.02844832101,-0.04476728595,-0.06049884776,-0.07491099046,-0.0871566688,-0.09631254504,-0.1014479812,-0.101733915,-0.09659624615,-0.0859049318,-0.07016549332,-0.05064856055,-0.02936778038,-0.008797653564
0.01565766931,0.04155827355,0.06202873509,0.07739794203,0.08820004394,0.09502949378,0.09844017711,0.09889425823,0.09674741793,0.09225657345,0.08559998229,0.0769029375,0.06626471586,0.05378421334,0.03958277687,0.02382343743,0.006727054967,-0.01141140752,-0.03022212823,-0.04923583055,-0.06781323183,-0.08514471254,-0.10026175,-0.1120688172,-0.119408948,-0.1211782535,-0.1165024644,-0.1049764593,-0.08693793971,-0.06369509169,-0.03756688213,-0.01155123569
0.0184368908,0.04853775053,0.07203380498,0.08947442292,0.1015989142,0.1091744105,0.1128910353,0.113311909,0.1108623613,0.1058429863,0.09845520989,0.08883189072,0.07706850088,0.06325259137,0.04749044485,0.02993022464,0.01078156946,-0.00966605056,-0.03103087595,-0.05285002812,-0.07445937465,-0.09498488389,-0.1133438344,-0.1282653858,-0.1383464411,-0.1421640931,-0.1384683967,-0.1264719264,-0.106221753,-0.07896656527,-0.04731487935,-0.01487647653
0.02128387507,0.05568897225,0.08228206892,0.1018358857,0.1153023556,0.1236314644,0.1276601632,0.1280618751,0.1253387522,0.1198396289,0.1117908733,0.1013318213,0.08855016483,0.07351530355,0.05630907337,0.03705344132,0.01593436944,-0.006777487399,-0.0306935141,-0.05537257978,-0.08014594528,-0.1040950179,-0.1260382853,-0.144535914,-0.1579286519,-0.1644378934,-0.1623628434,-0.1504124575,-0.1281853148,-0.09672081458,-0.05885403549,-0.01888443394
0.02415744221,0.06291684637,0.09264264962,0.1143255449,0.1291331379,0.1382067715,0.1425405904,0.1429281132,0.1399562494,0.1340275665,0.1253961792,0.1142078851,0.1005396349,0.08443661633,0.06594699794,0.0451544578,0.02220726293,-0.002658018792,-0.02905761696,-0.05657851971,-0.08457340072,-0.1121062881,-0.1379214479,-0.1604279019,-0.1777134682,-0.1876197932,-0.1879269075,-0.1767107917,-0.1529291003,-0.1171972828,-0.07244247815,-0.02370221671
0.02702060341,0.07013538693,0.1029935693,0.1267905356,0.1429096939,0.1526921645,0.1573005754,0.1576594282,0.154449384,0.1481333167,0.1389970937,0.1271943452,0.1127898528,0.09580005001,0.07623138333,0.05411772645,0.02955640175,0.002740445457,-0.02601113117,-0.05626912402,-0.08744818509,-0.1186300877,-0.1485195792,-0.1754058876,-0.1971437368,-0.2111889915,-0.2147488688,-0.2051380549,-0.1804515638,-0.1405924006,-0.08834458374,-0.02947289797
0.02984504142,0.07727682296,0.1132317594,0.139090512,0.1564524053,0.1668692196,0.1716858697,0.1719705171,0.1685077494,0.1618282652,0.1522547585,0.1399514808,0.1249714622,0.107299953,0.08689550502,0.0637311105,0.03783627566,0.009336919321,-0.02151134722,-0.0542928997,-0.08850257944,-0.12327632,-0.157324026,-0.18886131,-0.2155490986,-0.2344748889,-0.24224287,-0.235291081,-0.2106117306,-0.1670299795,-0.1068187395,-0.03635561409
0.0326170935,0.08430348911,0.1232857112,0.151108085,0.1695909569,0.1805139953,0.1854228408,0.1855444538,0.1817785003,0.1747313928,0.1647681931,0.1520676,0.1366731653,0.1185392539,0.09757370374,0.07368091643,0.04680819857,0.01699337773,-0.01559397057,-0.05056816658,-0.08751885047,-0.1256772358,-0.1638131533,-0.2001297614,-0.2321551906,-0.256654762,-0.2696323218,-0.2665612249,-0.2430889104,-0.1965258517,-0.128101502,-0.04452578723
0.03534570855,0.09122302897,0.1331307141,0.1627603247,0.1821714808,0.1934010078,0.1982210288,0.1980353813,0.1938702122,0.1864147207,0.1760811354,0.1630664897,0.1474084574,0.1290336291,0.107800577,0.08354260054,0.05611509119,0.02544828426,-0.008401795983,-0.04510862132,-0.08435684512,-0.1255176527,-0.1674826061,-0.2085173067,-0.2461015979,-0.2767590506,-0.2959387885,-0.2981051546,-0.2773393912,-0.228945319,-0.1523863373,-0.05417505433
0.03807317247,0.09810766202,0.1428063123,0.1740097597,0.1940612129,0.2053039724,0.2097727993,0.2090693461,0.2043563438,0.196410061,0.1856920533,0.1724199977,0.1566293705,0.138224242,0.1170195736,0.09278148787,0.06527241466,0.03430609625,-0.0001896205363,-0.03804619169,-0.07898745985,-0.1225752922,-0.167887549,-0.2133393505,-0.2564719487,-0.293687358,-0.3199787672,-0.3288190957,-0.3125503595,-0.2639518665,-0.1797945369,-0.06551010205
0.04088991291,0.1051185821,0.1524350446,0.1848720831,0.2051469692,0.2159895556,0.2197467023,0.218240352,0.2127757713,0.2042148658,0.1930655482,0.179564715,0.1637474468,0.1455013023,0.1246063052,0.1007711966,0.07367368251,0.04301301232,0.008578431119,-0.02968154543,-0.0715429938,-0.1167757738,-0.1647004958,-0.2139767778,-0.2623420471,-0.30624158,-0.3403742276,-0.3573212103,-0.3475940934,-0.3009479856,-0.2103377195,-0.0787508066
0.04395594271,0.1125374158,0.1622407794,0.1954160117,0.2153218314,0.2251987805,0.2277700248,0.2250980039,0.2186274214,0.2092945808,0.1976427846,0.1839208893,0.1681609295,0.1502388935,0.1299093737,0.1068378392,0.08063415836,0.05089513733,0.01726305597,-0.02051513852,-0.06236701307,-0.108252549,-0.1577807446,-0.2099503891,-0.2628506202,-0.313182737,-0.3555837219,-0.3819489666,-0.3809891242,-0.3390141224,-0.2438776688,-0.09413439868
0.04753557714,0.1208094303,0.1725639097,0.2057476522,0.2244511547,0.232608301,0.2333946947,0.2291226172,0.2213559151,0.2110788078,0.198847774,0.1849091884,0.1692820745,0.1518335172,0.132299249,0.110316463,0.08545087728,0.05722324236,0.02514636751,-0.01122438856,-0.05202229243,-0.09737878556,-0.1472326875,-0.2009997706,-0.2572841026,-0.3133063572,-0.3639505397,-0.4007703984,-0.4108703755,-0.3768518475,-0.280095054,-0.1119463367
0.05206381555,0.1306086878,0.1838658462,0.2159624104,0.2323004278,0.2377582031,0.2360379773,0.2296823936,0.220323866,0.2089464322,0.1960824946,0.1819532316,0.1665416399,0.1497167063,0.1311914775,0.1105848045,0.08744283947,0.06124795224,0.03142995959,-0.00259989435,-0.04122356741,-0.08471918138,-0.1334074741,-0.1871282491,-0.2451366729,-0.3055038342,-0.3637391051,-0.4115823628,-0.4349430441,-0.4127119344,-0.3184602609,-0.1326100764
0.05828615475,0.1429339994,0.1966897766,0.2260165226,0.2383839398,0.2399194897,0.234882515,0.2259626188,0.2147608391,0.2021856889,0.1886916992,0.1744490552,0.1593223574,0.1432861873,0.1259825864,0.1070115727,0.08592268192,0.06220416082,0.03527731225,0.004512507946,-0.0307284763,-0.07088404404,-0.1168320349,-0.1685783042,-0.2260787925,-0.2887619148,-0.3531114736,-0.4118399879,-0.4503469028,-0.4442178239,-0.35811379,-0.1568317964
0.06752787541,0.1591886637,0.2114575705,0.2353971326,0.2416500426,0.2378539976,0.2287102786,0.2168500159,0.2036724645,0.1899085281,0.1758611297,0.1617292936,0.1472862804,0.1323197744,0.1164906259,0.09940723737,0.08063387321,0.05968118422,0.03599476723,0.008953615114,-0.02213249019,-0.05781471393,-0.09880157492,-0.1458246857,-0.1998376571,-0.2621534772,-0.3300417592,-0.3984942426,-0.4533442485,-0.4679086859,-0.3973878724,-0.185616256
0.08204078352,0.1809703639,0.2278069023,0.2423951463,0.239911586,0.229435303,0.2156643465,0.2007802134,0.1857220987,0.1711717333,0.157158898,0.1435634092,0.1301252999,0.1165581037,0.1025199139,0.08763417526,0.07149407624,0.053653866,0.0336147882,0.01080993358,-0.0154180549,-0.04568618812,-0.08070516321,-0.1214439703,-0.1692779245,-0.2259318054,-0.2923754088,-0.3679356465,-0.4388865993,-0.4783656508,-0.4325416577,-0.219558052
0.1048419195,0.2087931194,0.2430856447,0.2429733769,0.2291765516,0.2113051213,0.1931046974,0.1757356373,0.1598909047,0.1454173934,0.1320803441,0.1196022746,0.1076638283,0.09593971776,0.08409215984,0.07177277323,0.05862045428,0.04425239503,0.02825002933,0.01014158931,-0.01062060136,-0.03461567994,-0.06252611306,-0.09538345871,-0.1347980326,-0.1831067954,-0.2431251565,-0.3169861251,-0.4005219438,-0.4671995831,-0.4555045348,-0.2563597545
0.1371220698,0.2385131811,0.2502547125,0.2301560798,0.2038677294,0.1793866717,0.1585935436,0.1409427045,0.1257578732,0.1125123257,0.1007864689,0.09020591669,0.08041481561,0.07107957467,0.06188470737,0.05252701811,0.04270806069,0.0321246145,0.02045793128,0.007363427571,-0.007543148126,-0.02471445404,-0.04473414997,-0.06853298855,-0.09767843942,-0.1347535096,-0.1837210452,-0.2495759507,-0.3343253534,-0.4230504336,-0.4515854488,-0.286040265
0.1699235267,0.2552178621,0.2370647987,0.1961135889,0.1599841871,0.1334556717,0.113615682,0.09802702851,0.08529928531,0.07466406912,0.06562099861,0.05777292202,0.05077418035,0.04432142463,0.03814795813,0.03201482796,0.02570056456,0.01899232385,0.01168063265,0.003558091822,-0.005586789109,-0.01604338976,-0.02822573219,-0.0428092767,-0.06101232279,-0.08510782538,-0.1192278156,-0.1699708691,-0.2442567287,-0.3374972272,-0.4002184699,-0.286682058
0.1707863136,0.2272991635,0.1869809953,0.1392308869,0.1042897815,0.0811818152,0.06548458631,0.05408892688,0.04534223471,0.03840473361,0.03278715,0.02814026731,0.02418417934,0.02068892577,0.0174654318,0.01435572646,0.01122281625,0.00794356864,0.004408599484,0.0005281011048,-0.003780147607,-0.008659720339,-0.01432413618,-0.021121725,-0.02972661973,-0.04157684511,-0.05972930253,-0.08998900581,-0.1406058797,-0.2147907926,-0.2841511419,-0.2300123277
0.08753099265,0.1068457405,0.08478529078,0.06029687469,0.04229165639,0.03049814512,0.02284769161,0.01768116518,0.01401325732,0.01130652607,0.009253494645,0.007656085966,0.006373153689,0.00529932485,0.004354589365,0.003476909039,0.002616197831,0.001730463696,0.0007862096195,-0.0002373551084,-0.001360331,-0.002619926574,-0.00407236509,-0.005807162599,-0.008007467866,-0.0111119186,-0.01617671158,-0.02549202562,-0.04306826198,-0.07304171028,-0.1094820612,-0.1017153107
